name,light_years_from_earth,planet_mass,stellar_magnitude,discovery_date
11 Comae Berenices b,,,,
11 Ursae Minoris b,,,,
14 Andromedae b,,,,
14 Herculis b,,,,
16 Cygni B b,,,,
18 Delphini b,,,,
1RXS J160929.1-210524 b,,,,
24 Bootis b,,,,
24 Sextantis b,,,,
24 Sextantis c,,,,
11 Comae Berenices b,,,,
11 Ursae Minoris b,,,,
14 Andromedae b,,,,
14 Herculis b,,,,
16 Cygni B b,,,,
18 Delphini b,,,,
1RXS J160929.1-210524 b,,,,
24 Bootis b,,,,
24 Sextantis b,,,,
24 Sextantis c,,,,
11 Comae Berenices b,,,,
11 Ursae Minoris b,,,,
14 Andromedae b,,,,
14 Herculis b,,,,
16 Cygni B b,,,,
18 Delphini b,,,,
1RXS J160929.1-210524 b,,,,
24 Bootis b,,,,
24 Sextantis b,,,,
24 Sextantis c,,,,
11 Comae Berenices b,,,,
11 Ursae Minoris b,,,,
14 Andromedae b,,,,
14 Herculis b,,,,
16 Cygni B b,,,,
18 Delphini b,,,,
1RXS J160929.1-210524 b,,,,
24 Bootis b,,,,
24 Sextantis b,,,,
24 Sextantis c,,,,
11 Comae Berenices b,,,,
11 Ursae Minoris b,,,,
14 Andromedae b,,,,
14 Herculis b,,,,
16 Cygni B b,,,,
18 Delphini b,,,,
1RXS J160929.1-210524 b,,,,
24 Bootis b,,,,
24 Sextantis b,,,,
24 Sextantis c,,,,
47 Ursae Majoris b,,,,
47 Ursae Majoris c,,,,
47 Ursae Majoris d,,,,
4 Ursae Majoris b,,,,
51 Eridani b,,,,
51 Pegasi b,,,,
55 Cancri b,,,,
55 Cancri c,,,,
55 Cancri d,,,,
55 Cancri e,,,,
55 Cancri f,,,,
61 Virginis b,,,,
61 Virginis c,,,,
61 Virginis d,,,,
6 Lyncis b,,,,
70 Virginis b,,,,
75 Ceti b,,,,
7 Canis Majoris b,,,,
7 Canis Majoris c,,,,
81 Ceti b,,,,
8 Ursae Minoris b,,,,
91 Aquarii b,,,,
AB Pictoris b,,,,
Alpha Arietis b,,,,
Alpha Tauri b,,,,
AU Microscopii b,,,,
BD+03 2562 b,,,,
BD-06 1339 b,,,,
BD-06 1339 c,,,,
BD-08 2823 b,,,,
8 Ursae Minoris b,,,,
91 Aquarii b,,,,
AB Pictoris b,,,,
Alpha Arietis b,,,,
Alpha Tauri b,,,,
AU Microscopii b,,,,
BD+03 2562 b,,,,
BD-06 1339 b,,,,
BD-06 1339 c,,,,
BD-08 2823 b,,,,
BD-08 2823 c,,,,
BD-10 3166 b,,,,
BD-11 4672 b,,,,
BD-11 4672 c,,,,
BD-13 2130 b,,,,
BD+14 4559 b,,,,
BD+15 2375 b,,,,
BD+15 2940 b,,,,
BD-17 63 b,,,,
BD+20 2457 b,,,,
BD-08 2823 c,,,,
BD-10 3166 b,,,,
BD-11 4672 b,,,,
BD-11 4672 c,,,,
BD-13 2130 b,,,,
BD+14 4559 b,,,,
BD+15 2375 b,,,,
BD+15 2940 b,,,,
BD-17 63 b,,,,
BD+20 2457 b,,,,
BD-08 2823 c,,,,
BD-10 3166 b,,,,
BD-11 4672 b,,,,
BD-11 4672 c,,,,
BD-13 2130 b,,,,
BD+14 4559 b,,,,
BD+15 2375 b,,,,
BD+15 2940 b,,,,
BD-17 63 b,,,,
BD+20 2457 b,,,,
BD+20 2457 c,,,,
BD+20 274 b,,,,
BD+20 594 b,,,,
BD+48 738 b,,,,
BD+48 740 b,,,,
BD+49 828 b,,,,
Beta Cancri b,,,,
Beta Pictoris b,,,,
Beta Pictoris c,,,,
Beta Ursae Minoris b,,,,
CoRoT-18 b,,,,
CoRoT-19 b,,,,
CoRoT-1 b,,,,
CoRoT-20 b,,,,
CoRoT-20 c,,,,
CoRoT-21 b,,,,
CoRoT-22 b,,,,
CoRoT-23 b,,,,
CoRoT-24 b,,,,
CoRoT-24 c,,,,
CoRoT-18 b,,,,
CoRoT-19 b,,,,
CoRoT-1 b,,,,
CoRoT-20 b,,,,
CoRoT-20 c,,,,
CoRoT-21 b,,,,
CoRoT-22 b,,,,
CoRoT-23 b,,,,
CoRoT-24 b,,,,
CoRoT-24 c,,,,
CoRoT-18 b,,,,
CoRoT-19 b,,,,
CoRoT-1 b,,,,
CoRoT-20 b,,,,
CoRoT-20 c,,,,
CoRoT-21 b,,,,
CoRoT-22 b,,,,
CoRoT-23 b,,,,
CoRoT-24 b,,,,
CoRoT-24 c,,,,
CoRoT-25 b,,,,
CoRoT-26 b,,,,
CoRoT-27 b,,,,
CoRoT-28 b,,,,
CoRoT-29 b,,,,
CoRoT-2 b,,,,
CoRoT-30 b,,,,
CoRoT-31 b,,,,
CoRoT-3 b,,,,
CoRoT-4 b,,,,
DH Tauri b,,,,
DMPP-1 b,,,,
DMPP-1 c,,,,
DMPP-1 d,,,,
DMPP-1 e,,,,
DMPP-2 b,,,,
DMPP-3 A b,,,,
DP Leonis b,,,,
DS Tucanae A b,,,,
EPIC 201238110 b,,,,
DH Tauri b,,,,
DMPP-1 b,,,,
DMPP-1 c,,,,
DMPP-1 d,,,,
DMPP-1 e,,,,
DMPP-2 b,,,,
DMPP-3 A b,,,,
DP Leonis b,,,,
DS Tucanae A b,,,,
EPIC 201238110 b,,,,
DH Tauri b,,,,
DMPP-1 b,,,,
DMPP-1 c,,,,
DMPP-1 d,,,,
DMPP-1 e,,,,
DMPP-2 b,,,,
DMPP-3 A b,,,,
DP Leonis b,,,,
DS Tucanae A b,,,,
EPIC 201238110 b,,,,
DH Tauri b,,,,
DMPP-1 b,,,,
DMPP-1 c,,,,
DMPP-1 d,,,,
DMPP-1 e,,,,
DMPP-2 b,,,,
DMPP-3 A b,,,,
DP Leonis b,,,,
DS Tucanae A b,,,,
EPIC 201238110 b,,,,
EPIC 201497682 b,,,,
EPIC 201615463 c,,,,
EPIC 201754305 d,,,,
EPIC 201833600 c,,,,
EPIC 201841433 b,,,,
EPIC 205950854 c,,,,
EPIC 206024342 b,,,,
EPIC 206032309 b,,,,
EPIC 206042996 b,,,,
EPIC 206215704 b,,,,
EPIC 206317286 b,,,,
EPIC 211822797 b,,,,
EPIC 211945201 b,,,,
EPIC 212297394 b,,,,
EPIC 212424622 b,,,,
EPIC 212499991 b,,,,
EPIC 212587672 b,,,,
EPIC 212737443 b,,,,
EPIC 212737443 c,,,,
EPIC 220554210 c,,,,
EPIC 206317286 b,,,,
EPIC 211822797 b,,,,
EPIC 211945201 b,,,,
EPIC 212297394 b,,,,
EPIC 212424622 b,,,,
EPIC 212499991 b,,,,
EPIC 212587672 b,,,,
EPIC 212737443 b,,,,
EPIC 212737443 c,,,,
EPIC 220554210 c,,,,
EPIC 220674823 b,,,,
EPIC 220674823 c,,,,
EPIC 246851721 b,,,,
EPIC 248847494 b,,,,
EPIC 249893012 b,,,,
EPIC 249893012 c,,,,
EPIC 249893012 d,,,,
Epsilon Coronae Borealis b,,,,
Epsilon Eridani b,,,,
Epsilon Indi A b,,,,
Epsilon Tauri b,,,,
FU Tauri b,,,,
G 9-40 b,,,,
Gamma 1 Leonis b,,,,
Gamma Cephei b,,,,
Gamma Librae b,,,,
Gamma Librae c,,,,
GJ 1061 b,,,,
GJ 1061 c,,,,
GJ 1061 d,,,,
Epsilon Tauri b,,,,
FU Tauri b,,,,
G 9-40 b,,,,
Gamma 1 Leonis b,,,,
Gamma Cephei b,,,,
Gamma Librae b,,,,
Gamma Librae c,,,,
GJ 1061 b,,,,
GJ 1061 c,,,,
GJ 1061 d,,,,
GJ 1132 b,,,,
GJ 1132 c,,,,
GJ 1148 b,,,,
GJ 1148 c,,,,
GJ 1214 b,,,,
GJ 1252 b,,,,
GJ 1265 b,,,,
GJ 143 b,,,,
GJ 15 A b,,,,
GJ 15 A c,,,,
GJ 1132 b,,,,
GJ 1132 c,,,,
GJ 1148 b,,,,
GJ 1148 c,,,,
GJ 1214 b,,,,
GJ 1252 b,,,,
GJ 1265 b,,,,
GJ 143 b,,,,
GJ 15 A b,,,,
GJ 15 A c,,,,
GJ 160.2 b,,,,
GJ 163 b,,,,
GJ 163 c,,,,
GJ 163 d,,,,
GJ 179 b,,,,
GJ 180 b,,,,
GJ 180 c,,,,
GJ 180 d,,,,
GJ 2056 b,,,,
GJ 229 A c,,,,
GJ 160.2 b,,,,
GJ 163 b,,,,
GJ 163 c,,,,
GJ 163 d,,,,
GJ 179 b,,,,
GJ 180 b,,,,
GJ 180 c,,,,
GJ 180 d,,,,
GJ 2056 b,,,,
GJ 229 A c,,,,
GJ 160.2 b,,,,
GJ 163 b,,,,
GJ 163 c,,,,
GJ 163 d,,,,
GJ 179 b,,,,
GJ 180 b,,,,
GJ 180 c,,,,
GJ 180 d,,,,
GJ 2056 b,,,,
GJ 229 A c,,,,
GJ 317 c,,,,
GJ 328 b,,,,
GJ 3293 b,,,,
GJ 3293 c,,,,
GJ 3293 d,,,,
GJ 3293 e,,,,
GJ 3323 b,,,,
GJ 3323 c,,,,
GJ 3341 b,,,,
GJ 338 B b,,,,
GJ 317 c,,,,
GJ 328 b,,,,
GJ 3293 b,,,,
GJ 3293 c,,,,
GJ 3293 d,,,,
GJ 3293 e,,,,
GJ 3323 b,,,,
GJ 3323 c,,,,
GJ 3341 b,,,,
GJ 338 B b,,,,
GJ 3470 b,,,,
GJ 3512 b,,,,
GJ 357 b,,,,
GJ 357 c,,,,
GJ 357 d,,,,
GJ 3634 b,,,,
GJ 3779 b,,,,
GJ 3942 b,,,,
GJ 3998 b,,,,
GJ 3998 c,,,,
GJ 3470 b,,,,
GJ 3512 b,,,,
GJ 357 b,,,,
GJ 357 c,,,,
GJ 357 d,,,,
GJ 3634 b,,,,
GJ 3779 b,,,,
GJ 3942 b,,,,
GJ 3998 b,,,,
GJ 3998 c,,,,
GJ 3470 b,,,,
GJ 3512 b,,,,
GJ 357 b,,,,
GJ 357 c,,,,
GJ 357 d,,,,
GJ 3634 b,,,,
GJ 3779 b,,,,
GJ 3942 b,,,,
GJ 3998 b,,,,
GJ 3998 c,,,,
GJ 411 b,,,,
GJ 422 b,,,,
GJ 4276 b,,,,
GJ 433 b,,,,
GJ 433 c,,,,
GJ 433 d,,,,
GJ 436 b,,,,
GJ 480 b,,,,
GJ 504 b,,,,
GJ 536 b,,,,
GJ 581 b,,,,
GJ 581 c,,,,
GJ 581 e,,,,
GJ 625 b,,,,
GJ 649 b,,,,
GJ 667 C b,,,,
GJ 667 C c,,,,
GJ 667 C e,,,,
GJ 667 C f,,,,
GJ 667 C g,,,,
GJ 674 b,,,,
GJ 676 A b,,,,
GJ 676 A c,,,,
GJ 676 A d,,,,
GJ 676 A e,,,,
GJ 682 b,,,,
GJ 682 c,,,,
GJ 685 b,,,,
GJ 687 b,,,,
GJ 687 c,,,,
GJ 674 b,,,,
GJ 676 A b,,,,
GJ 676 A c,,,,
GJ 676 A d,,,,
GJ 676 A e,,,,
GJ 682 b,,,,
GJ 682 c,,,,
GJ 685 b,,,,
GJ 687 b,,,,
GJ 687 c,,,,
GJ 674 b,,,,
GJ 676 A b,,,,
GJ 676 A c,,,,
GJ 676 A d,,,,
GJ 676 A e,,,,
GJ 682 b,,,,
GJ 682 c,,,,
GJ 685 b,,,,
GJ 687 b,,,,
GJ 687 c,,,,
GJ 832 b,,,,
GJ 832 c,,,,
GJ 849 b,,,,
GJ 86 b,,,,
GJ 876 b,,,,
GJ 876 c,,,,
GJ 876 d,,,,
GJ 876 e,,,,
GJ 887 b,,,,
GJ 887 c,,,,
GJ 9066 b,,,,
GJ 9066 c,,,,
GJ 96 b,,,,
GJ 9827 b,,,,
GJ 9827 c,,,,
GJ 9827 d,,,,
Gl 378 b,,,,
Gl 49 b,,,,
Gl 686 b,,,,
GQ Lupi b,,,,
GSC 06214-00210 b,,,,
GU Piscium b,,,,
HAT-P-11 b,,,,
HAT-P-11 c,,,,
HAT-P-12 b,,,,
HAT-P-13 b,,,,
HAT-P-13 c,,,,
HAT-P-14 b,,,,
HAT-P-15 b,,,,
HAT-P-16 b,,,,
GSC 06214-00210 b,,,,
GU Piscium b,,,,
HAT-P-11 b,,,,
HAT-P-11 c,,,,
HAT-P-12 b,,,,
HAT-P-13 b,,,,
HAT-P-13 c,,,,
HAT-P-14 b,,,,
HAT-P-15 b,,,,
HAT-P-16 b,,,,
GSC 06214-00210 b,,,,
GU Piscium b,,,,
HAT-P-11 b,,,,
HAT-P-11 c,,,,
HAT-P-12 b,,,,
HAT-P-13 b,,,,
HAT-P-13 c,,,,
HAT-P-14 b,,,,
HAT-P-15 b,,,,
HAT-P-16 b,,,,
HAT-P-17 b,,,,
HAT-P-17 c,,,,
HAT-P-18 b,,,,
HAT-P-19 b,,,,
HAT-P-1 b,,,,
HAT-P-20 b,,,,
HAT-P-21 b,,,,
HAT-P-22 b,,,,
HAT-P-23 b,,,,
HAT-P-24 b,,,,
HAT-P-25 b,,,,
HAT-P-26 b,,,,
HAT-P-27 b,,,,
HAT-P-28 b,,,,
HAT-P-29 b,,,,
HAT-P-2 b,,,,
HAT-P-30 b,,,,
HAT-P-31 b,,,,
HAT-P-32 b,,,,
HAT-P-33 b,,,,
HAT-P-34 b,,,,
HAT-P-35 b,,,,
HAT-P-36 b,,,,
HAT-P-37 b,,,,
HAT-P-38 b,,,,
HAT-P-39 b,,,,
HAT-P-3 b,,,,
HAT-P-40 b,,,,
HAT-P-41 b,,,,
HAT-P-42 b,,,,
HAT-P-34 b,,,,
HAT-P-35 b,,,,
HAT-P-36 b,,,,
HAT-P-37 b,,,,
HAT-P-38 b,,,,
HAT-P-39 b,,,,
HAT-P-3 b,,,,
HAT-P-40 b,,,,
HAT-P-41 b,,,,
HAT-P-42 b,,,,
HAT-P-34 b,,,,
HAT-P-35 b,,,,
HAT-P-36 b,,,,
HAT-P-37 b,,,,
HAT-P-38 b,,,,
HAT-P-39 b,,,,
HAT-P-3 b,,,,
HAT-P-40 b,,,,
HAT-P-41 b,,,,
HAT-P-42 b,,,,
HAT-P-34 b,,,,
HAT-P-35 b,,,,
HAT-P-36 b,,,,
HAT-P-37 b,,,,
HAT-P-38 b,,,,
HAT-P-39 b,,,,
HAT-P-3 b,,,,
HAT-P-40 b,,,,
HAT-P-41 b,,,,
HAT-P-42 b,,,,
HAT-P-43 b,,,,
HAT-P-44 b,,,,
HAT-P-44 c,,,,
HAT-P-45 b,,,,
HAT-P-46 b,,,,
HAT-P-49 b,,,,
HAT-P-4 b,,,,
HAT-P-50 b,,,,
HAT-P-51 b,,,,
HAT-P-52 b,,,,
HAT-P-6 b,,,,
HAT-P-70 b,,,,
HAT-P-7 b,,,,
HAT-P-8 b,,,,
HAT-P-9 b,,,,
HATS-10 b,,,,
HATS-11 b,,,,
HATS-12 b,,,,
HATS-13 b,,,,
HATS-14 b,,,,
HATS-15 b,,,,
HATS-16 b,,,,
HATS-17 b,,,,
HATS-18 b,,,,
HATS-1 b,,,,
HATS-22 b,,,,
HATS-23 b,,,,
HATS-24 b,,,,
HATS-25 b,,,,
HATS-26 b,,,,
HATS-15 b,,,,
HATS-16 b,,,,
HATS-17 b,,,,
HATS-18 b,,,,
HATS-1 b,,,,
HATS-22 b,,,,
HATS-23 b,,,,
HATS-24 b,,,,
HATS-25 b,,,,
HATS-26 b,,,,
HATS-15 b,,,,
HATS-16 b,,,,
HATS-17 b,,,,
HATS-18 b,,,,
HATS-1 b,,,,
HATS-22 b,,,,
HATS-23 b,,,,
HATS-24 b,,,,
HATS-25 b,,,,
HATS-26 b,,,,
HATS-27 b,,,,
HATS-28 b,,,,
HATS-29 b,,,,
HATS-2 b,,,,
HATS-30 b,,,,
HATS-31 b,,,,
HATS-32 b,,,,
HATS-33 b,,,,
HATS-34 b,,,,
HATS-35 b,,,,
HATS-45 b,,,,
HATS-46 b,,,,
HATS-47 b,,,,
HATS-48 A b,,,,
HATS-49 b,,,,
HATS-4 b,,,,
HATS-50 b,,,,
HATS-51 b,,,,
HATS-52 b,,,,
HATS-53 b,,,,
HATS-45 b,,,,
HATS-46 b,,,,
HATS-47 b,,,,
HATS-48 A b,,,,
HATS-49 b,,,,
HATS-4 b,,,,
HATS-50 b,,,,
HATS-51 b,,,,
HATS-52 b,,,,
HATS-53 b,,,,
HATS-54 b,,,,
HATS-55 b,,,,
HATS-56 b,,,,
HATS-57 b,,,,
HATS-58 A b,,,,
HATS-59 b,,,,
HATS-59 c,,,,
HATS-5 b,,,,
HATS-60 b,,,,
HATS-61 b,,,,
HATS-62 b,,,,
HATS-63 b,,,,
HATS-64 b,,,,
HATS-65 b,,,,
HATS-66 b,,,,
HATS-67 b,,,,
HATS-68 b,,,,
HATS-69 b,,,,
HATS-6 b,,,,
HATS-70 b,,,,
HATS-62 b,,,,
HATS-63 b,,,,
HATS-64 b,,,,
HATS-65 b,,,,
HATS-66 b,,,,
HATS-67 b,,,,
HATS-68 b,,,,
HATS-69 b,,,,
HATS-6 b,,,,
HATS-70 b,,,,
HATS-62 b,,,,
HATS-63 b,,,,
HATS-64 b,,,,
HATS-65 b,,,,
HATS-66 b,,,,
HATS-67 b,,,,
HATS-68 b,,,,
HATS-69 b,,,,
HATS-6 b,,,,
HATS-70 b,,,,
HATS-62 b,,,,
HATS-63 b,,,,
HATS-64 b,,,,
HATS-65 b,,,,
HATS-66 b,,,,
HATS-67 b,,,,
HATS-68 b,,,,
HATS-69 b,,,,
HATS-6 b,,,,
HATS-70 b,,,,
HATS-62 b,,,,
HATS-63 b,,,,
HATS-64 b,,,,
HATS-65 b,,,,
HATS-66 b,,,,
HATS-67 b,,,,
HATS-68 b,,,,
HATS-69 b,,,,
HATS-6 b,,,,
HATS-70 b,,,,
HD 102843 b,,,,
HD 102956 b,,,,
HD 103197 b,,,,
HD 103720 b,,,,
HD 103774 b,,,,
HD 103949 b,,,,
HD 104067 b,,,,
HD 10442 b,,,,
HD 104985 b,,,,
HD 106252 b,,,,
HD 102843 b,,,,
HD 102956 b,,,,
HD 103197 b,,,,
HD 103720 b,,,,
HD 103774 b,,,,
HD 103949 b,,,,
HD 104067 b,,,,
HD 10442 b,,,,
HD 104985 b,,,,
HD 106252 b,,,,
HD 106270 b,,,,
HD 106315 b,,,,
HD 106315 c,,,,
HD 10647 b,,,,
HD 106515 A b,,,,
HD 106906 b,,,,
HD 10697 b,,,,
HD 107148 b,,,,
HD 108147 b,,,,
HD 108341 b,,,,
HD 106270 b,,,,
HD 106315 b,,,,
HD 106315 c,,,,
HD 10647 b,,,,
HD 106515 A b,,,,
HD 106906 b,,,,
HD 10697 b,,,,
HD 107148 b,,,,
HD 108147 b,,,,
HD 108341 b,,,,
HD 106270 b,,,,
HD 106315 b,,,,
HD 106315 c,,,,
HD 10647 b,,,,
HD 106515 A b,,,,
HD 106906 b,,,,
HD 10697 b,,,,
HD 107148 b,,,,
HD 108147 b,,,,
HD 108341 b,,,,
HD 111998 b,,,,
HD 113337 b,,,,
HD 113538 b,,,,
HD 113538 c,,,,
HD 113996 b,,,,
HD 114386 b,,,,
HD 114613 b,,,,
HD 114729 b,,,,
HD 114762 b,,,,
HD 114783 b,,,,
HD 114783 c,,,,
HD 11506 b,,,,
HD 11506 c,,,,
HD 116029 b,,,,
HD 116029 c,,,,
HD 117207 b,,,,
HD 11755 b,,,,
HD 117618 b,,,,
HD 118203 b,,,,
HD 11964 b,,,,
HD 114783 c,,,,
HD 11506 b,,,,
HD 11506 c,,,,
HD 116029 b,,,,
HD 116029 c,,,,
HD 117207 b,,,,
HD 11755 b,,,,
HD 117618 b,,,,
HD 118203 b,,,,
HD 11964 b,,,,
HD 114783 c,,,,
HD 11506 b,,,,
HD 11506 c,,,,
HD 116029 b,,,,
HD 116029 c,,,,
HD 117207 b,,,,
HD 11755 b,,,,
HD 117618 b,,,,
HD 118203 b,,,,
HD 11964 b,,,,
HD 114783 c,,,,
HD 11506 b,,,,
HD 11506 c,,,,
HD 116029 b,,,,
HD 116029 c,,,,
HD 117207 b,,,,
HD 11755 b,,,,
HD 117618 b,,,,
HD 118203 b,,,,
HD 11964 b,,,,
HD 114783 c,,,,
HD 11506 b,,,,
HD 11506 c,,,,
HD 116029 b,,,,
HD 116029 c,,,,
HD 117207 b,,,,
HD 11755 b,,,,
HD 117618 b,,,,
HD 118203 b,,,,
HD 11964 b,,,,
HD 114783 c,,,,
HD 11506 b,,,,
HD 11506 c,,,,
HD 116029 b,,,,
HD 116029 c,,,,
HD 117207 b,,,,
HD 11755 b,,,,
HD 117618 b,,,,
HD 118203 b,,,,
HD 11964 b,,,,
HD 114783 c,,,,
HD 11506 b,,,,
HD 11506 c,,,,
HD 116029 b,,,,
HD 116029 c,,,,
HD 117207 b,,,,
HD 11755 b,,,,
HD 117618 b,,,,
HD 118203 b,,,,
HD 11964 b,,,,
HD 114783 c,,,,
HD 11506 b,,,,
HD 11506 c,,,,
HD 116029 b,,,,
HD 116029 c,,,,
HD 117207 b,,,,
HD 11755 b,,,,
HD 117618 b,,,,
HD 118203 b,,,,
HD 11964 b,,,,
HD 12648 b,,,,
HD 126525 b,,,,
HD 126614 b,,,,
HD 12661 b,,,,
HD 12661 c,,,,
HD 128311 b,,,,
HD 128311 c,,,,
HD 128356 b,,,,
HD 129445 b,,,,
HD 130322 b,,,,
HD 148164 b,,,,
HD 148164 c,,,,
HD 148284 b,,,,
HD 148427 b,,,,
HD 149026 b,,,,
HD 149143 b,,,,
HD 1502 b,,,,
HD 150706 b,,,,
HD 152079 b,,,,
HD 152581 b,,,,
HD 148164 b,,,,
HD 148164 c,,,,
HD 148284 b,,,,
HD 148427 b,,,,
HD 149026 b,,,,
HD 149143 b,,,,
HD 1502 b,,,,
HD 150706 b,,,,
HD 152079 b,,,,
HD 152581 b,,,,
HD 15337 b,,,,
HD 15337 c,,,,
HD 153950 b,,,,
HD 154345 b,,,,
HD 154672 b,,,,
HD 154857 b,,,,
HD 154857 c,,,,
HD 155233 b,,,,
HD 155358 b,,,,
HD 155358 c,,,,
HD 15337 b,,,,
HD 15337 c,,,,
HD 153950 b,,,,
HD 154345 b,,,,
HD 154672 b,,,,
HD 154857 b,,,,
HD 154857 c,,,,
HD 155233 b,,,,
HD 155358 b,,,,
HD 155358 c,,,,
HD 15337 b,,,,
HD 15337 c,,,,
HD 153950 b,,,,
HD 154345 b,,,,
HD 154672 b,,,,
HD 154857 b,,,,
HD 154857 c,,,,
HD 155233 b,,,,
HD 155358 b,,,,
HD 155358 c,,,,
HD 15337 b,,,,
HD 15337 c,,,,
HD 153950 b,,,,
HD 154345 b,,,,
HD 154672 b,,,,
HD 154857 b,,,,
HD 154857 c,,,,
HD 155233 b,,,,
HD 155358 b,,,,
HD 155358 c,,,,
HD 156279 b,,,,
HD 156279 c,,,,
HD 156411 b,,,,
HD 156668 b,,,,
HD 156846 b,,,,
HD 158038 b,,,,
HD 158259 b,,,,
HD 158259 c,,,,
HD 158259 d,,,,
HD 158259 e,,,,
HD 156279 b,,,,
HD 156279 c,,,,
HD 156411 b,,,,
HD 156668 b,,,,
HD 156846 b,,,,
HD 158038 b,,,,
HD 158259 b,,,,
HD 158259 c,,,,
HD 158259 d,,,,
HD 158259 e,,,,
HD 156279 b,,,,
HD 156279 c,,,,
HD 156411 b,,,,
HD 156668 b,,,,
HD 156846 b,,,,
HD 158038 b,,,,
HD 158259 b,,,,
HD 158259 c,,,,
HD 158259 d,,,,
HD 158259 e,,,,
HD 160691 d,,,,
HD 160691 e,,,,
HD 16141 b,,,,
HD 16175 b,,,,
HD 162020 b,,,,
HD 163607 b,,,,
HD 163607 c,,,,
HD 16417 b,,,,
HD 164509 b,,,,
HD 164595 b,,,,
HD 160691 d,,,,
HD 160691 e,,,,
HD 16141 b,,,,
HD 16175 b,,,,
HD 162020 b,,,,
HD 163607 b,,,,
HD 163607 c,,,,
HD 16417 b,,,,
HD 164509 b,,,,
HD 164595 b,,,,
HD 164604 b,,,,
HD 164922 b,,,,
HD 164922 c,,,,
HD 164922 d,,,,
HD 165155 b,,,,
HD 1666 b,,,,
HD 166724 b,,,,
HD 167042 b,,,,
HD 168443 b,,,,
HD 168443 c,,,,
HD 164604 b,,,,
HD 164922 b,,,,
HD 164922 c,,,,
HD 164922 d,,,,
HD 165155 b,,,,
HD 1666 b,,,,
HD 166724 b,,,,
HD 167042 b,,,,
HD 168443 b,,,,
HD 168443 c,,,,
HD 168746 b,,,,
HD 1690 b,,,,
HD 169830 b,,,,
HD 169830 c,,,,
HD 170469 b,,,,
HD 17092 b,,,,
HD 171028 b,,,,
HD 171238 b,,,,
HD 17156 b,,,,
HD 173416 b,,,,
HD 168746 b,,,,
HD 1690 b,,,,
HD 169830 b,,,,
HD 169830 c,,,,
HD 170469 b,,,,
HD 17092 b,,,,
HD 171028 b,,,,
HD 171238 b,,,,
HD 17156 b,,,,
HD 173416 b,,,,
HD 175167 b,,,,
HD 175541 b,,,,
HD 175607 b,,,,
HD 17674 b,,,,
HD 176986 b,,,,
HD 176986 c,,,,
HD 177565 b,,,,
HD 177830 b,,,,
HD 177830 c,,,,
HD 178911 B b,,,,
HD 179079 b,,,,
HD 179949 b,,,,
HD 180053 b,,,,
HD 18015 b,,,,
HD 180314 b,,,,
HD 180617 b,,,,
HD 180902 b,,,,
HD 181234 b,,,,
HD 181342 b,,,,
HD 181433 b,,,,
HD 179079 b,,,,
HD 179949 b,,,,
HD 180053 b,,,,
HD 18015 b,,,,
HD 180314 b,,,,
HD 180617 b,,,,
HD 180902 b,,,,
HD 181234 b,,,,
HD 181342 b,,,,
HD 181433 b,,,,
HD 188015 b,,,,
HD 189733 b,,,,
HD 190360 b,,,,
HD 190360 c,,,,
HD 190647 b,,,,
HD 190984 b,,,,
HD 191806 b,,,,
HD 191939 b,,,,
HD 191939 c,,,,
HD 191939 d,,,,
HD 188015 b,,,,
HD 189733 b,,,,
HD 190360 b,,,,
HD 190360 c,,,,
HD 190647 b,,,,
HD 190984 b,,,,
HD 191806 b,,,,
HD 191939 b,,,,
HD 191939 c,,,,
HD 191939 d,,,,
HD 188015 b,,,,
HD 189733 b,,,,
HD 190360 b,,,,
HD 190360 c,,,,
HD 190647 b,,,,
HD 190984 b,,,,
HD 191806 b,,,,
HD 191939 b,,,,
HD 191939 c,,,,
HD 191939 d,,,,
HD 192263 b,,,,
HD 192310 b,,,,
HD 192310 c,,,,
HD 192699 b,,,,
HD 195019 b,,,,
HD 196050 b,,,,
HD 196067 b,,,,
HD 196885 A b,,,,
HD 197037 b,,,,
HD 19994 b,,,,
HD 20003 b,,,,
HD 20003 c,,,,
HD 200964 b,,,,
HD 200964 c,,,,
HD 202206 c,,,,
HD 202696 b,,,,
HD 202696 c,,,,
HD 202772 A b,,,,
HD 203030 b,,,,
HD 203473 b,,,,
HD 20003 b,,,,
HD 20003 c,,,,
HD 200964 b,,,,
HD 200964 c,,,,
HD 202206 c,,,,
HD 202696 b,,,,
HD 202696 c,,,,
HD 202772 A b,,,,
HD 203030 b,,,,
HD 203473 b,,,,
HD 20003 b,,,,
HD 20003 c,,,,
HD 200964 b,,,,
HD 200964 c,,,,
HD 202206 c,,,,
HD 202696 b,,,,
HD 202696 c,,,,
HD 202772 A b,,,,
HD 203030 b,,,,
HD 203473 b,,,,
HD 2039 b,,,,
HD 204313 b,,,,
HD 204313 c,,,,
HD 204941 b,,,,
HD 205739 b,,,,
HD 206255 b,,,,
HD 206610 b,,,,
HD 20781 b,,,,
HD 20781 c,,,,
HD 20781 d,,,,
HD 20868 b,,,,
HD 208897 b,,,,
HD 209458 b,,,,
HD 210193 b,,,,
HD 210277 b,,,,
HD 210702 b,,,,
HD 211810 b,,,,
HD 211970 b,,,,
HD 212301 b,,,,
HD 212771 b,,,,
HD 20868 b,,,,
HD 208897 b,,,,
HD 209458 b,,,,
HD 210193 b,,,,
HD 210277 b,,,,
HD 210702 b,,,,
HD 211810 b,,,,
HD 211970 b,,,,
HD 212301 b,,,,
HD 212771 b,,,,
HD 20868 b,,,,
HD 208897 b,,,,
HD 209458 b,,,,
HD 210193 b,,,,
HD 210277 b,,,,
HD 210702 b,,,,
HD 211810 b,,,,
HD 211970 b,,,,
HD 212301 b,,,,
HD 212771 b,,,,
HD 213240 b,,,,
HD 213885 b,,,,
HD 213885 c,,,,
HD 21411 b,,,,
HD 214823 b,,,,
HD 215152 b,,,,
HD 215152 c,,,,
HD 215152 d,,,,
HD 215152 e,,,,
HD 215497 b,,,,
HD 215497 c,,,,
HD 216435 b,,,,
HD 216437 b,,,,
HD 216536 b,,,,
HD 216770 b,,,,
HD 21693 b,,,,
HD 21693 c,,,,
HD 217107 b,,,,
HD 217107 c,,,,
HD 21749 c,,,,
HD 217786 b,,,,
HD 217850 b,,,,
HD 218566 b,,,,
HD 219077 b,,,,
HD 219134 b,,,,
HD 219134 c,,,,
HD 219134 d,,,,
HD 219134 f,,,,
HD 219134 g,,,,
HD 219134 h,,,,
HD 217786 b,,,,
HD 217850 b,,,,
HD 218566 b,,,,
HD 219077 b,,,,
HD 219134 b,,,,
HD 219134 c,,,,
HD 219134 d,,,,
HD 219134 f,,,,
HD 219134 g,,,,
HD 219134 h,,,,
HD 217786 b,,,,
HD 217850 b,,,,
HD 218566 b,,,,
HD 219077 b,,,,
HD 219134 b,,,,
HD 219134 c,,,,
HD 219134 d,,,,
HD 219134 f,,,,
HD 219134 g,,,,
HD 219134 h,,,,
HD 219415 b,,,,
HD 219666 b,,,,
HD 219828 b,,,,
HD 219828 c,,,,
HD 220074 b,,,,
HD 220197 b,,,,
HD 220689 b,,,,
HD 220773 b,,,,
HD 220842 b,,,,
HD 221287 b,,,,
HD 23127 b,,,,
HD 231701 b,,,,
HD 233604 b,,,,
HD 233832 b,,,,
HD 23472 b,,,,
HD 23472 c,,,,
HD 23596 b,,,,
HD 238914 b,,,,
HD 240210 b,,,,
HD 240237 b,,,,
HD 23127 b,,,,
HD 231701 b,,,,
HD 233604 b,,,,
HD 233832 b,,,,
HD 23472 b,,,,
HD 23472 c,,,,
HD 23596 b,,,,
HD 238914 b,,,,
HD 240210 b,,,,
HD 240237 b,,,,
HD 23127 b,,,,
HD 231701 b,,,,
HD 233604 b,,,,
HD 233832 b,,,,
HD 23472 b,,,,
HD 23472 c,,,,
HD 23596 b,,,,
HD 238914 b,,,,
HD 240210 b,,,,
HD 240237 b,,,,
HD 23127 b,,,,
HD 231701 b,,,,
HD 233604 b,,,,
HD 233832 b,,,,
HD 23472 b,,,,
HD 23472 c,,,,
HD 23596 b,,,,
HD 238914 b,,,,
HD 240210 b,,,,
HD 240237 b,,,,
HD 24040 b,,,,
HD 24064 b,,,,
HD 24085 b,,,,
HD 25015 b,,,,
HD 25171 b,,,,
HD 2638 b,,,,
HD 2685 b,,,,
HD 26965 b,,,,
HD 27442 b,,,,
HD 27631 b,,,,
HD 24040 b,,,,
HD 24064 b,,,,
HD 24085 b,,,,
HD 25015 b,,,,
HD 25171 b,,,,
HD 2638 b,,,,
HD 2685 b,,,,
HD 26965 b,,,,
HD 27442 b,,,,
HD 27631 b,,,,
HD 3167 b,,,,
HD 3167 c,,,,
HD 3167 d,,,,
HD 32518 b,,,,
HD 32963 b,,,,
HD 330075 b,,,,
HD 33142 b,,,,
HD 33142 c,,,,
HD 332231 b,,,,
HD 33283 b,,,,
HD 33564 b,,,,
HD 33844 b,,,,
HD 33844 c,,,,
HD 34445 b,,,,
HD 34445 c,,,,
HD 34445 d,,,,
HD 34445 e,,,,
HD 34445 f,,,,
HD 34445 g,,,,
HD 35759 b,,,,
HD 33564 b,,,,
HD 33844 b,,,,
HD 33844 c,,,,
HD 34445 b,,,,
HD 34445 c,,,,
HD 34445 d,,,,
HD 34445 e,,,,
HD 34445 f,,,,
HD 34445 g,,,,
HD 35759 b,,,,
HD 3651 b,,,,
HD 37124 b,,,,
HD 37124 c,,,,
HD 37124 d,,,,
HD 37605 b,,,,
HD 37605 c,,,,
HD 38283 b,,,,
HD 38529 b,,,,
HD 38529 c,,,,
HD 38801 b,,,,
HD 3651 b,,,,
HD 37124 b,,,,
HD 37124 c,,,,
HD 37124 d,,,,
HD 37605 b,,,,
HD 37605 c,,,,
HD 38283 b,,,,
HD 38529 b,,,,
HD 38529 c,,,,
HD 38801 b,,,,
HD 39091 b,,,,
HD 39855 b,,,,
HD 40307 b,,,,
HD 40307 c,,,,
HD 40307 d,,,,
HD 40307 f,,,,
HD 40307 g,,,,
HD 40956 b,,,,
HD 40979 b,,,,
HD 41004 A b,,,,
HD 41004 B b,,,,
HD 4113 b,,,,
HD 42012 b,,,,
HD 4203 b,,,,
HD 4203 c,,,,
HD 4208 b,,,,
HD 42618 b,,,,
HD 4308 b,,,,
HD 4313 b,,,,
HD 43197 b,,,,
HD 41004 B b,,,,
HD 4113 b,,,,
HD 42012 b,,,,
HD 4203 b,,,,
HD 4203 c,,,,
HD 4208 b,,,,
HD 42618 b,,,,
HD 4308 b,,,,
HD 4313 b,,,,
HD 43197 b,,,,
HD 41004 B b,,,,
HD 4113 b,,,,
HD 42012 b,,,,
HD 4203 b,,,,
HD 4203 c,,,,
HD 4208 b,,,,
HD 42618 b,,,,
HD 4308 b,,,,
HD 4313 b,,,,
HD 43197 b,,,,
HD 43691 b,,,,
HD 44219 b,,,,
HD 45184 b,,,,
HD 45184 c,,,,
HD 45350 b,,,,
HD 45364 b,,,,
HD 45364 c,,,,
HD 45652 b,,,,
HD 46375 b,,,,
HD 47186 b,,,,
HD 47186 c,,,,
HD 4732 b,,,,
HD 4732 c,,,,
HD 47366 b,,,,
HD 47366 c,,,,
HD 47536 b,,,,
HD 48265 b,,,,
HD 4917 b,,,,
HD 49674 b,,,,
HD 50499 b,,,,
HD 50499 c,,,,
HD 50554 b,,,,
HD 51608 b,,,,
HD 51608 c,,,,
HD 52265 b,,,,
HD 5319 b,,,,
HD 5319 c,,,,
HD 55696 b,,,,
HD 5583 b,,,,
HD 5608 b,,,,
HD 50499 c,,,,
HD 50554 b,,,,
HD 51608 b,,,,
HD 51608 c,,,,
HD 52265 b,,,,
HD 5319 b,,,,
HD 5319 c,,,,
HD 55696 b,,,,
HD 5583 b,,,,
HD 5608 b,,,,
HD 50499 c,,,,
HD 50554 b,,,,
HD 51608 b,,,,
HD 51608 c,,,,
HD 52265 b,,,,
HD 5319 b,,,,
HD 5319 c,,,,
HD 55696 b,,,,
HD 5583 b,,,,
HD 5608 b,,,,
HD 65216 b,,,,
HD 65216 c,,,,
HD 66141 b,,,,
HD 66428 b,,,,
HD 67087 b,,,,
HD 67087 c,,,,
HD 6718 b,,,,
HD 68402 b,,,,
HD 68988 b,,,,
HD 69830 b,,,,
HD 65216 b,,,,
HD 65216 c,,,,
HD 66141 b,,,,
HD 66428 b,,,,
HD 67087 b,,,,
HD 67087 c,,,,
HD 6718 b,,,,
HD 68402 b,,,,
HD 68988 b,,,,
HD 69830 b,,,,
HD 69830 c,,,,
HD 69830 d,,,,
HD 70573 b,,,,
HD 70642 b,,,,
HD 7199 b,,,,
HD 72490 b,,,,
HD 72659 b,,,,
HD 72892 b,,,,
HD 73267 b,,,,
HD 73526 b,,,,
HD 69830 c,,,,
HD 69830 d,,,,
HD 70573 b,,,,
HD 70642 b,,,,
HD 7199 b,,,,
HD 72490 b,,,,
HD 72659 b,,,,
HD 72892 b,,,,
HD 73267 b,,,,
HD 73526 b,,,,
HD 73526 c,,,,
HD 73534 b,,,,
HD 74156 b,,,,
HD 74156 c,,,,
HD 7449 b,,,,
HD 75289 b,,,,
HD 75784 b,,,,
HD 75784 c,,,,
HD 75898 b,,,,
HD 76700 b,,,,
HD 73526 c,,,,
HD 73534 b,,,,
HD 74156 b,,,,
HD 74156 c,,,,
HD 7449 b,,,,
HD 75289 b,,,,
HD 75784 b,,,,
HD 75784 c,,,,
HD 75898 b,,,,
HD 76700 b,,,,
HD 76920 b,,,,
HD 77338 b,,,,
HD 7924 b,,,,
HD 7924 c,,,,
HD 7924 d,,,,
HD 79498 b,,,,
HD 80606 b,,,,
HD 80653 b,,,,
HD 81040 b,,,,
HD 81688 b,,,,
HD 76920 b,,,,
HD 77338 b,,,,
HD 7924 b,,,,
HD 7924 c,,,,
HD 7924 d,,,,
HD 79498 b,,,,
HD 80606 b,,,,
HD 80653 b,,,,
HD 81040 b,,,,
HD 81688 b,,,,
HD 81817 b,,,,
HD 82886 b,,,,
HD 82943 b,,,,
HD 82943 c,,,,
HD 8326 b,,,,
HD 83443 b,,,,
HD 8535 b,,,,
HD 85390 b,,,,
HD 85512 b,,,,
HD 8574 b,,,,
HD 81817 b,,,,
HD 82886 b,,,,
HD 82943 b,,,,
HD 82943 c,,,,
HD 8326 b,,,,
HD 83443 b,,,,
HD 8535 b,,,,
HD 85390 b,,,,
HD 85512 b,,,,
HD 8574 b,,,,
HD 86081 b,,,,
HD 86226 b,,,,
HD 86226 c,,,,
HD 86264 b,,,,
HD 8673 b,,,,
HD 86950 b,,,,
HD 87646 b,,,,
HD 87883 b,,,,
HD 88133 b,,,,
HD 89307 b,,,,
HD 86081 b,,,,
HD 86226 b,,,,
HD 86226 c,,,,
HD 86264 b,,,,
HD 8673 b,,,,
HD 86950 b,,,,
HD 87646 b,,,,
HD 87883 b,,,,
HD 88133 b,,,,
HD 89307 b,,,,
HD 89345 b,,,,
HD 89744 b,,,,
HD 90156 b,,,,
HD 9174 b,,,,
HD 92788 b,,,,
HD 92788 c,,,,
HD 92987 b,,,,
HD 93083 b,,,,
HD 9446 b,,,,
HD 9446 c,,,,
HD 89345 b,,,,
HD 89744 b,,,,
HD 90156 b,,,,
HD 9174 b,,,,
HD 92788 b,,,,
HD 92788 c,,,,
HD 92987 b,,,,
HD 93083 b,,,,
HD 9446 b,,,,
HD 9446 c,,,,
HD 94834 b,,,,
HD 95086 b,,,,
HD 95089 b,,,,
HD 95089 c,,,,
HD 95127 b,,,,
HD 95338 b,,,,
HD 95872 b,,,,
HD 96063 b,,,,
HD 96127 b,,,,
HD 96167 b,,,,
HD 94834 b,,,,
HD 95086 b,,,,
HD 95089 b,,,,
HD 95089 c,,,,
HD 95127 b,,,,
HD 95338 b,,,,
HD 95872 b,,,,
HD 96063 b,,,,
HD 96127 b,,,,
HD 96167 b,,,,
HD 97048 b,,,,
HD 97658 b,,,,
HD 98219 b,,,,
HD 98649 b,,,,
HD 98736 b,,,,
HD 99109 b,,,,
HD 99492 b,,,,
HD 99706 b,,,,
HD 99706 c,,,,
HIP 105854 b,,,,
HD 97048 b,,,,
HD 97658 b,,,,
HD 98219 b,,,,
HD 98649 b,,,,
HD 98736 b,,,,
HD 99109 b,,,,
HD 99492 b,,,,
HD 99706 b,,,,
HD 99706 c,,,,
HIP 105854 b,,,,
HD 97048 b,,,,
HD 97658 b,,,,
HD 98219 b,,,,
HD 98649 b,,,,
HD 98736 b,,,,
HD 99109 b,,,,
HD 99492 b,,,,
HD 99706 b,,,,
HD 99706 c,,,,
HIP 105854 b,,,,
HD 97048 b,,,,
HD 97658 b,,,,
HD 98219 b,,,,
HD 98649 b,,,,
HD 98736 b,,,,
HD 99109 b,,,,
HD 99492 b,,,,
HD 99706 b,,,,
HD 99706 c,,,,
HIP 105854 b,,,,
HIP 65891 b,,,,
HIP 65 A b,,,,
HIP 67522 b,,,,
HIP 67537 b,,,,
HIP 67851 b,,,,
HIP 67851 c,,,,
HIP 70849 b,,,,
HIP 71135 b,,,,
HIP 74890 b,,,,
HIP 78530 b,,,,
HIP 65891 b,,,,
HIP 65 A b,,,,
HIP 67522 b,,,,
HIP 67537 b,,,,
HIP 67851 b,,,,
HIP 67851 c,,,,
HIP 70849 b,,,,
HIP 71135 b,,,,
HIP 74890 b,,,,
HIP 78530 b,,,,
HIP 65891 b,,,,
HIP 65 A b,,,,
HIP 67522 b,,,,
HIP 67537 b,,,,
HIP 67851 b,,,,
HIP 67851 c,,,,
HIP 70849 b,,,,
HIP 71135 b,,,,
HIP 74890 b,,,,
HIP 78530 b,,,,
HIP 65891 b,,,,
HIP 65 A b,,,,
HIP 67522 b,,,,
HIP 67537 b,,,,
HIP 67851 b,,,,
HIP 67851 c,,,,
HIP 70849 b,,,,
HIP 71135 b,,,,
HIP 74890 b,,,,
HIP 78530 b,,,,
HR 858 c,,,,
HR 858 d,,,,
HR 8799 b,,,,
HR 8799 c,,,,
HR 8799 d,,,,
HR 8799 e,,,,
HU Aquarii AB b,,,,
HU Aquarii AB c,,,,
HW Virginis b,,,,
IC 4651 9122 b,,,,
HR 858 c,,,,
HR 858 d,,,,
HR 8799 b,,,,
HR 8799 c,,,,
HR 8799 d,,,,
HR 8799 e,,,,
HU Aquarii AB b,,,,
HU Aquarii AB c,,,,
HW Virginis b,,,,
IC 4651 9122 b,,,,
HR 858 c,,,,
HR 858 d,,,,
HR 8799 b,,,,
HR 8799 c,,,,
HR 8799 d,,,,
HR 8799 e,,,,
HU Aquarii AB b,,,,
HU Aquarii AB c,,,,
HW Virginis b,,,,
IC 4651 9122 b,,,,
HR 858 c,,,,
HR 858 d,,,,
HR 8799 b,,,,
HR 8799 c,,,,
HR 8799 d,,,,
HR 8799 e,,,,
HU Aquarii AB b,,,,
HU Aquarii AB c,,,,
HW Virginis b,,,,
IC 4651 9122 b,,,,
HR 858 c,,,,
HR 858 d,,,,
HR 8799 b,,,,
HR 8799 c,,,,
HR 8799 d,,,,
HR 8799 e,,,,
HU Aquarii AB b,,,,
HU Aquarii AB c,,,,
HW Virginis b,,,,
IC 4651 9122 b,,,,
Iota Draconis b,,,,
K2-100 b,,,,
K2-101 b,,,,
K2-102 b,,,,
K2-104 b,,,,
K2-105 b,,,,
K2-107 b,,,,
K2-108 b,,,,
K2-10 b,,,,
K2-110 b,,,,
Iota Draconis b,,,,
K2-100 b,,,,
K2-101 b,,,,
K2-102 b,,,,
K2-104 b,,,,
K2-105 b,,,,
K2-107 b,,,,
K2-108 b,,,,
K2-10 b,,,,
K2-110 b,,,,
Iota Draconis b,,,,
K2-100 b,,,,
K2-101 b,,,,
K2-102 b,,,,
K2-104 b,,,,
K2-105 b,,,,
K2-107 b,,,,
K2-108 b,,,,
K2-10 b,,,,
K2-110 b,,,,
Iota Draconis b,,,,
K2-100 b,,,,
K2-101 b,,,,
K2-102 b,,,,
K2-104 b,,,,
K2-105 b,,,,
K2-107 b,,,,
K2-108 b,,,,
K2-10 b,,,,
K2-110 b,,,,
Iota Draconis b,,,,
K2-100 b,,,,
K2-101 b,,,,
K2-102 b,,,,
K2-104 b,,,,
K2-105 b,,,,
K2-107 b,,,,
K2-108 b,,,,
K2-10 b,,,,
K2-110 b,,,,
K2-136 d,,,,
K2-137 b,,,,
K2-138 b,,,,
K2-138 c,,,,
K2-138 d,,,,
K2-138 e,,,,
K2-138 f,,,,
K2-139 b,,,,
K2-13 b,,,,
K2-140 b,,,,
K2-136 d,,,,
K2-137 b,,,,
K2-138 b,,,,
K2-138 c,,,,
K2-138 d,,,,
K2-138 e,,,,
K2-138 f,,,,
K2-139 b,,,,
K2-13 b,,,,
K2-140 b,,,,
K2-136 d,,,,
K2-137 b,,,,
K2-138 b,,,,
K2-138 c,,,,
K2-138 d,,,,
K2-138 e,,,,
K2-138 f,,,,
K2-139 b,,,,
K2-13 b,,,,
K2-140 b,,,,
K2-141 b,,,,
K2-141 c,,,,
K2-146 b,,,,
K2-146 c,,,,
K2-147 b,,,,
K2-148 b,,,,
K2-148 c,,,,
K2-148 d,,,,
K2-149 b,,,,
K2-14 b,,,,
K2-150 b,,,,
K2-151 b,,,,
K2-152 b,,,,
K2-153 b,,,,
K2-154 b,,,,
K2-154 c,,,,
K2-155 b,,,,
K2-155 c,,,,
K2-155 d,,,,
K2-156 b,,,,
K2-157 b,,,,
K2-158 b,,,,
K2-158 c,,,,
K2-159 b,,,,
K2-15 b,,,,
K2-160 b,,,,
K2-161 b,,,,
K2-162 b,,,,
K2-163 b,,,,
K2-164 b,,,,
K2-157 b,,,,
K2-158 b,,,,
K2-158 c,,,,
K2-159 b,,,,
K2-15 b,,,,
K2-160 b,,,,
K2-161 b,,,,
K2-162 b,,,,
K2-163 b,,,,
K2-164 b,,,,
K2-157 b,,,,
K2-158 b,,,,
K2-158 c,,,,
K2-159 b,,,,
K2-15 b,,,,
K2-160 b,,,,
K2-161 b,,,,
K2-162 b,,,,
K2-163 b,,,,
K2-164 b,,,,
K2-157 b,,,,
K2-158 b,,,,
K2-158 c,,,,
K2-159 b,,,,
K2-15 b,,,,
K2-160 b,,,,
K2-161 b,,,,
K2-162 b,,,,
K2-163 b,,,,
K2-164 b,,,,
K2-170 c,,,,
K2-171 b,,,,
K2-172 b,,,,
K2-172 c,,,,
K2-173 b,,,,
K2-174 b,,,,
K2-175 b,,,,
K2-176 b,,,,
K2-177 b,,,,
K2-178 b,,,,
K2-170 c,,,,
K2-171 b,,,,
K2-172 b,,,,
K2-172 c,,,,
K2-173 b,,,,
K2-174 b,,,,
K2-175 b,,,,
K2-176 b,,,,
K2-177 b,,,,
K2-178 b,,,,
K2-186 b,,,,
K2-187 b,,,,
K2-187 c,,,,
K2-187 d,,,,
K2-187 e,,,,
K2-188 b,,,,
K2-188 c,,,,
K2-189 b,,,,
K2-189 c,,,,
K2-18 b,,,,
K2-186 b,,,,
K2-187 b,,,,
K2-187 c,,,,
K2-187 d,,,,
K2-187 e,,,,
K2-188 b,,,,
K2-188 c,,,,
K2-189 b,,,,
K2-189 c,,,,
K2-18 b,,,,
K2-186 b,,,,
K2-187 b,,,,
K2-187 c,,,,
K2-187 d,,,,
K2-187 e,,,,
K2-188 b,,,,
K2-188 c,,,,
K2-189 b,,,,
K2-189 c,,,,
K2-18 b,,,,
K2-186 b,,,,
K2-187 b,,,,
K2-187 c,,,,
K2-187 d,,,,
K2-187 e,,,,
K2-188 b,,,,
K2-188 c,,,,
K2-189 b,,,,
K2-189 c,,,,
K2-18 b,,,,
K2-197 b,,,,
K2-198 b,,,,
K2-198 c,,,,
K2-198 d,,,,
K2-199 b,,,,
K2-199 c,,,,
K2-19 b,,,,
K2-19 c,,,,
K2-19 d,,,,
K2-200 b,,,,
K2-197 b,,,,
K2-198 b,,,,
K2-198 c,,,,
K2-198 d,,,,
K2-199 b,,,,
K2-199 c,,,,
K2-19 b,,,,
K2-19 c,,,,
K2-19 d,,,,
K2-200 b,,,,
K2-210 b,,,,
K2-211 b,,,,
K2-212 b,,,,
K2-213 b,,,,
K2-214 b,,,,
K2-215 b,,,,
K2-216 b,,,,
K2-217 b,,,,
K2-218 b,,,,
K2-219 b,,,,
K2-210 b,,,,
K2-211 b,,,,
K2-212 b,,,,
K2-213 b,,,,
K2-214 b,,,,
K2-215 b,,,,
K2-216 b,,,,
K2-217 b,,,,
K2-218 b,,,,
K2-219 b,,,,
K2-210 b,,,,
K2-211 b,,,,
K2-212 b,,,,
K2-213 b,,,,
K2-214 b,,,,
K2-215 b,,,,
K2-216 b,,,,
K2-217 b,,,,
K2-218 b,,,,
K2-219 b,,,,
K2-219 c,,,,
K2-219 d,,,,
K2-21 b,,,,
K2-21 c,,,,
K2-220 b,,,,
K2-221 b,,,,
K2-222 b,,,,
K2-223 b,,,,
K2-223 c,,,,
K2-224 b,,,,
K2-224 c,,,,
K2-225 b,,,,
K2-226 b,,,,
K2-227 b,,,,
K2-228 b,,,,
K2-229 b,,,,
K2-229 c,,,,
K2-22 b,,,,
K2-230 b,,,,
K2-231 b,,,,
K2-232 b,,,,
K2-233 b,,,,
K2-233 c,,,,
K2-233 d,,,,
K2-237 b,,,,
K2-238 b,,,,
K2-239 b,,,,
K2-239 c,,,,
K2-239 d,,,,
K2-240 b,,,,
K2-232 b,,,,
K2-233 b,,,,
K2-233 c,,,,
K2-233 d,,,,
K2-237 b,,,,
K2-238 b,,,,
K2-239 b,,,,
K2-239 c,,,,
K2-239 d,,,,
K2-240 b,,,,
K2-232 b,,,,
K2-233 b,,,,
K2-233 c,,,,
K2-233 d,,,,
K2-237 b,,,,
K2-238 b,,,,
K2-239 b,,,,
K2-239 c,,,,
K2-239 d,,,,
K2-240 b,,,,
K2-240 c,,,,
K2-241 b,,,,
K2-242 b,,,,
K2-243 b,,,,
K2-243 c,,,,
K2-244 b,,,,
K2-245 b,,,,
K2-246 b,,,,
K2-247 b,,,,
K2-247 c,,,,
K2-248 b,,,,
K2-249 b,,,,
K2-24 b,,,,
K2-24 c,,,,
K2-250 b,,,,
K2-251 b,,,,
K2-252 b,,,,
K2-253 b,,,,
K2-254 b,,,,
K2-254 c,,,,
K2-255 b,,,,
K2-256 b,,,,
K2-257 b,,,,
K2-258 b,,,,
K2-259 b,,,,
K2-25 b,,,,
K2-260 b,,,,
K2-261 b,,,,
K2-263 b,,,,
K2-264 b,,,,
K2-255 b,,,,
K2-256 b,,,,
K2-257 b,,,,
K2-258 b,,,,
K2-259 b,,,,
K2-25 b,,,,
K2-260 b,,,,
K2-261 b,,,,
K2-263 b,,,,
K2-264 b,,,,
K2-255 b,,,,
K2-256 b,,,,
K2-257 b,,,,
K2-258 b,,,,
K2-259 b,,,,
K2-25 b,,,,
K2-260 b,,,,
K2-261 b,,,,
K2-263 b,,,,
K2-264 b,,,,
K2-255 b,,,,
K2-256 b,,,,
K2-257 b,,,,
K2-258 b,,,,
K2-259 b,,,,
K2-25 b,,,,
K2-260 b,,,,
K2-261 b,,,,
K2-263 b,,,,
K2-264 b,,,,
K2-270 b,,,,
K2-270 c,,,,
K2-271 b,,,,
K2-272 b,,,,
K2-273 b,,,,
K2-274 b,,,,
K2-275 b,,,,
K2-275 c,,,,
K2-276 b,,,,
K2-277 b,,,,
K2-278 b,,,,
K2-279 b,,,,
K2-27 b,,,,
K2-280 b,,,,
K2-281 b,,,,
K2-282 b,,,,
K2-283 b,,,,
K2-284 b,,,,
K2-285 b,,,,
K2-285 c,,,,
K2-285 d,,,,
K2-285 e,,,,
K2-286 b,,,,
K2-287 b,,,,
K2-288 B b,,,,
K2-289 b,,,,
K2-28 b,,,,
K2-290 b,,,,
K2-290 c,,,,
K2-291 b,,,,
K2-285 d,,,,
K2-285 e,,,,
K2-286 b,,,,
K2-287 b,,,,
K2-288 B b,,,,
K2-289 b,,,,
K2-28 b,,,,
K2-290 b,,,,
K2-290 c,,,,
K2-291 b,,,,
K2-285 d,,,,
K2-285 e,,,,
K2-286 b,,,,
K2-287 b,,,,
K2-288 B b,,,,
K2-289 b,,,,
K2-28 b,,,,
K2-290 b,,,,
K2-290 c,,,,
K2-291 b,,,,
K2-292 b,,,,
K2-293 b,,,,
K2-294 b,,,,
K2-295 b,,,,
K2-29 b,,,,
K2-308 b,,,,
K2-30 b,,,,
K2-315 b,,,,
K2-316 b,,,,
K2-316 c,,,,
K2-326 b,,,,
K2-32 b,,,,
K2-32 c,,,,
K2-32 d,,,,
K2-32 e,,,,
K2-33 b,,,,
K2-34 b,,,,
K2-35 b,,,,
K2-35 c,,,,
K2-36 b,,,,
K2-326 b,,,,
K2-32 b,,,,
K2-32 c,,,,
K2-32 d,,,,
K2-32 e,,,,
K2-33 b,,,,
K2-34 b,,,,
K2-35 b,,,,
K2-35 c,,,,
K2-36 b,,,,
K2-326 b,,,,
K2-32 b,,,,
K2-32 c,,,,
K2-32 d,,,,
K2-32 e,,,,
K2-33 b,,,,
K2-34 b,,,,
K2-35 b,,,,
K2-35 c,,,,
K2-36 b,,,,
K2-326 b,,,,
K2-32 b,,,,
K2-32 c,,,,
K2-32 d,,,,
K2-32 e,,,,
K2-33 b,,,,
K2-34 b,,,,
K2-35 b,,,,
K2-35 c,,,,
K2-36 b,,,,
K2-36 c,,,,
K2-37 b,,,,
K2-37 c,,,,
K2-37 d,,,,
K2-38 b,,,,
K2-38 c,,,,
K2-39 b,,,,
K2-3 b,,,,
K2-3 c,,,,
K2-3 d,,,,
K2-42 b,,,,
K2-43 b,,,,
K2-43 c,,,,
K2-44 b,,,,
K2-45 b,,,,
K2-46 b,,,,
K2-47 b,,,,
K2-48 b,,,,
K2-49 b,,,,
K2-4 b,,,,
K2-50 b,,,,
K2-52 b,,,,
K2-53 b,,,,
K2-54 b,,,,
K2-55 b,,,,
K2-57 b,,,,
K2-58 b,,,,
K2-58 c,,,,
K2-58 d,,,,
K2-59 b,,,,
K2-50 b,,,,
K2-52 b,,,,
K2-53 b,,,,
K2-54 b,,,,
K2-55 b,,,,
K2-57 b,,,,
K2-58 b,,,,
K2-58 c,,,,
K2-58 d,,,,
K2-59 b,,,,
K2-50 b,,,,
K2-52 b,,,,
K2-53 b,,,,
K2-54 b,,,,
K2-55 b,,,,
K2-57 b,,,,
K2-58 b,,,,
K2-58 c,,,,
K2-58 d,,,,
K2-59 b,,,,
K2-59 c,,,,
K2-5 b,,,,
K2-5 c,,,,
K2-60 b,,,,
K2-61 b,,,,
K2-62 b,,,,
K2-62 c,,,,
K2-63 b,,,,
K2-63 c,,,,
K2-64 b,,,,
K2-59 c,,,,
K2-5 b,,,,
K2-5 c,,,,
K2-60 b,,,,
K2-61 b,,,,
K2-62 b,,,,
K2-62 c,,,,
K2-63 b,,,,
K2-63 c,,,,
K2-64 b,,,,
K2-72 e,,,,
K2-73 b,,,,
K2-74 b,,,,
K2-75 b,,,,
K2-75 c,,,,
K2-77 b,,,,
K2-79 b,,,,
K2-7 b,,,,
K2-80 b,,,,
K2-80 c,,,,
K2-72 e,,,,
K2-73 b,,,,
K2-74 b,,,,
K2-75 b,,,,
K2-75 c,,,,
K2-77 b,,,,
K2-79 b,,,,
K2-7 b,,,,
K2-80 b,,,,
K2-80 c,,,,
K2-72 e,,,,
K2-73 b,,,,
K2-74 b,,,,
K2-75 b,,,,
K2-75 c,,,,
K2-77 b,,,,
K2-79 b,,,,
K2-7 b,,,,
K2-80 b,,,,
K2-80 c,,,,
K2-72 e,,,,
K2-73 b,,,,
K2-74 b,,,,
K2-75 b,,,,
K2-75 c,,,,
K2-77 b,,,,
K2-79 b,,,,
K2-7 b,,,,
K2-80 b,,,,
K2-80 c,,,,
K2-80 d,,,,
K2-81 b,,,,
K2-83 b,,,,
K2-83 c,,,,
K2-84 b,,,,
K2-84 c,,,,
K2-85 b,,,,
K2-86 b,,,,
K2-87 b,,,,
K2-88 b,,,,
K2-80 d,,,,
K2-81 b,,,,
K2-83 b,,,,
K2-83 c,,,,
K2-84 b,,,,
K2-84 c,,,,
K2-85 b,,,,
K2-86 b,,,,
K2-87 b,,,,
K2-88 b,,,,
K2-9 b,,,,
Kappa Andromedae b,,,,
Kappa Coronae Borealis b,,,,
Kapteyn c,,,,
KELT-10 b,,,,
KELT-11 b,,,,
KELT-12 b,,,,
KELT-14 b,,,,
KELT-15 b,,,,
KELT-16 b,,,,
K2-9 b,,,,
Kappa Andromedae b,,,,
Kappa Coronae Borealis b,,,,
Kapteyn c,,,,
KELT-10 b,,,,
KELT-11 b,,,,
KELT-12 b,,,,
KELT-14 b,,,,
KELT-15 b,,,,
KELT-16 b,,,,
K2-9 b,,,,
Kappa Andromedae b,,,,
Kappa Coronae Borealis b,,,,
Kapteyn c,,,,
KELT-10 b,,,,
KELT-11 b,,,,
KELT-12 b,,,,
KELT-14 b,,,,
KELT-15 b,,,,
KELT-16 b,,,,
K2-9 b,,,,
Kappa Andromedae b,,,,
Kappa Coronae Borealis b,,,,
Kapteyn c,,,,
KELT-10 b,,,,
KELT-11 b,,,,
KELT-12 b,,,,
KELT-14 b,,,,
KELT-15 b,,,,
KELT-16 b,,,,
K2-9 b,,,,
Kappa Andromedae b,,,,
Kappa Coronae Borealis b,,,,
Kapteyn c,,,,
KELT-10 b,,,,
KELT-11 b,,,,
KELT-12 b,,,,
KELT-14 b,,,,
KELT-15 b,,,,
KELT-16 b,,,,
KELT-4 A b,,,,
KELT-6 b,,,,
KELT-6 c,,,,
KELT-7 b,,,,
KELT-8 b,,,,
KELT-9 b,,,,
Kepler-1000 b,,,,
Kepler-1001 b,,,,
Kepler-1001 c,,,,
Kepler-1002 b,,,,
Kepler-1003 b,,,,
Kepler-1004 b,,,,
Kepler-1005 b,,,,
Kepler-1006 b,,,,
Kepler-1007 b,,,,
Kepler-1008 b,,,,
Kepler-1009 b,,,,
Kepler-100 b,,,,
Kepler-100 c,,,,
Kepler-100 d,,,,
Kepler-1010 b,,,,
Kepler-1011 b,,,,
Kepler-1012 b,,,,
Kepler-1013 b,,,,
Kepler-1014 b,,,,
Kepler-1015 b,,,,
Kepler-1016 b,,,,
Kepler-1016 c,,,,
Kepler-1017 b,,,,
Kepler-1018 b,,,,
Kepler-1010 b,,,,
Kepler-1011 b,,,,
Kepler-1012 b,,,,
Kepler-1013 b,,,,
Kepler-1014 b,,,,
Kepler-1015 b,,,,
Kepler-1016 b,,,,
Kepler-1016 c,,,,
Kepler-1017 b,,,,
Kepler-1018 b,,,,
Kepler-1010 b,,,,
Kepler-1011 b,,,,
Kepler-1012 b,,,,
Kepler-1013 b,,,,
Kepler-1014 b,,,,
Kepler-1015 b,,,,
Kepler-1016 b,,,,
Kepler-1016 c,,,,
Kepler-1017 b,,,,
Kepler-1018 b,,,,
Kepler-1019 b,,,,
Kepler-101 b,,,,
Kepler-101 c,,,,
Kepler-1020 b,,,,
Kepler-1021 b,,,,
Kepler-1022 b,,,,
Kepler-1023 b,,,,
Kepler-1024 b,,,,
Kepler-1025 b,,,,
Kepler-1026 b,,,,
Kepler-1027 b,,,,
Kepler-1028 b,,,,
Kepler-1029 b,,,,
Kepler-102 b,,,,
Kepler-102 c,,,,
Kepler-102 d,,,,
Kepler-102 e,,,,
Kepler-102 f,,,,
Kepler-1030 b,,,,
Kepler-1031 b,,,,
Kepler-1027 b,,,,
Kepler-1028 b,,,,
Kepler-1029 b,,,,
Kepler-102 b,,,,
Kepler-102 c,,,,
Kepler-102 d,,,,
Kepler-102 e,,,,
Kepler-102 f,,,,
Kepler-1030 b,,,,
Kepler-1031 b,,,,
Kepler-1032 b,,,,
Kepler-1033 b,,,,
Kepler-1034 b,,,,
Kepler-1035 b,,,,
Kepler-1036 b,,,,
Kepler-1037 b,,,,
Kepler-1038 b,,,,
Kepler-1039 b,,,,
Kepler-103 b,,,,
Kepler-103 c,,,,
Kepler-1032 b,,,,
Kepler-1033 b,,,,
Kepler-1034 b,,,,
Kepler-1035 b,,,,
Kepler-1036 b,,,,
Kepler-1037 b,,,,
Kepler-1038 b,,,,
Kepler-1039 b,,,,
Kepler-103 b,,,,
Kepler-103 c,,,,
Kepler-1040 b,,,,
Kepler-1041 b,,,,
Kepler-1042 b,,,,
Kepler-1043 b,,,,
Kepler-1044 b,,,,
Kepler-1045 b,,,,
Kepler-1046 b,,,,
Kepler-1047 b,,,,
Kepler-1047 c,,,,
Kepler-1048 b,,,,
Kepler-1040 b,,,,
Kepler-1041 b,,,,
Kepler-1042 b,,,,
Kepler-1043 b,,,,
Kepler-1044 b,,,,
Kepler-1045 b,,,,
Kepler-1046 b,,,,
Kepler-1047 b,,,,
Kepler-1047 c,,,,
Kepler-1048 b,,,,
Kepler-1049 b,,,,
Kepler-104 b,,,,
Kepler-104 c,,,,
Kepler-104 d,,,,
Kepler-1050 b,,,,
Kepler-1050 c,,,,
Kepler-1051 b,,,,
Kepler-1052 b,,,,
Kepler-1053 b,,,,
Kepler-1054 b,,,,
Kepler-1049 b,,,,
Kepler-104 b,,,,
Kepler-104 c,,,,
Kepler-104 d,,,,
Kepler-1050 b,,,,
Kepler-1050 c,,,,
Kepler-1051 b,,,,
Kepler-1052 b,,,,
Kepler-1053 b,,,,
Kepler-1054 b,,,,
Kepler-1055 b,,,,
Kepler-1056 b,,,,
Kepler-1057 b,,,,
Kepler-1058 b,,,,
Kepler-1059 b,,,,
Kepler-105 b,,,,
Kepler-105 c,,,,
Kepler-1060 b,,,,
Kepler-1061 b,,,,
Kepler-1062 b,,,,
Kepler-1055 b,,,,
Kepler-1056 b,,,,
Kepler-1057 b,,,,
Kepler-1058 b,,,,
Kepler-1059 b,,,,
Kepler-105 b,,,,
Kepler-105 c,,,,
Kepler-1060 b,,,,
Kepler-1061 b,,,,
Kepler-1062 b,,,,
Kepler-1063 b,,,,
Kepler-1064 b,,,,
Kepler-1065 b,,,,
Kepler-1065 c,,,,
Kepler-1066 b,,,,
Kepler-1067 b,,,,
Kepler-1068 b,,,,
Kepler-1069 b,,,,
Kepler-106 b,,,,
Kepler-106 c,,,,
Kepler-1063 b,,,,
Kepler-1064 b,,,,
Kepler-1065 b,,,,
Kepler-1065 c,,,,
Kepler-1066 b,,,,
Kepler-1067 b,,,,
Kepler-1068 b,,,,
Kepler-1069 b,,,,
Kepler-106 b,,,,
Kepler-106 c,,,,
Kepler-1063 b,,,,
Kepler-1064 b,,,,
Kepler-1065 b,,,,
Kepler-1065 c,,,,
Kepler-1066 b,,,,
Kepler-1067 b,,,,
Kepler-1068 b,,,,
Kepler-1069 b,,,,
Kepler-106 b,,,,
Kepler-106 c,,,,
Kepler-1083 b,,,,
Kepler-1084 b,,,,
Kepler-1085 b,,,,
Kepler-1085 c,,,,
Kepler-1086 b,,,,
Kepler-1086 c,,,,
Kepler-1087 b,,,,
Kepler-1088 b,,,,
Kepler-1089 b,,,,
Kepler-108 b,,,,
Kepler-1083 b,,,,
Kepler-1084 b,,,,
Kepler-1085 b,,,,
Kepler-1085 c,,,,
Kepler-1086 b,,,,
Kepler-1086 c,,,,
Kepler-1087 b,,,,
Kepler-1088 b,,,,
Kepler-1089 b,,,,
Kepler-108 b,,,,
Kepler-1083 b,,,,
Kepler-1084 b,,,,
Kepler-1085 b,,,,
Kepler-1085 c,,,,
Kepler-1086 b,,,,
Kepler-1086 c,,,,
Kepler-1087 b,,,,
Kepler-1088 b,,,,
Kepler-1089 b,,,,
Kepler-108 b,,,,
Kepler-108 c,,,,
Kepler-1090 b,,,,
Kepler-1091 b,,,,
Kepler-1092 b,,,,
Kepler-1093 b,,,,
Kepler-1093 c,,,,
Kepler-1094 b,,,,
Kepler-1095 b,,,,
Kepler-1096 b,,,,
Kepler-1097 b,,,,
Kepler-1104 b,,,,
Kepler-1105 b,,,,
Kepler-1106 b,,,,
Kepler-1107 b,,,,
Kepler-1108 b,,,,
Kepler-1109 b,,,,
Kepler-110 b,,,,
Kepler-110 c,,,,
Kepler-1110 b,,,,
Kepler-1111 b,,,,
Kepler-1104 b,,,,
Kepler-1105 b,,,,
Kepler-1106 b,,,,
Kepler-1107 b,,,,
Kepler-1108 b,,,,
Kepler-1109 b,,,,
Kepler-110 b,,,,
Kepler-110 c,,,,
Kepler-1110 b,,,,
Kepler-1111 b,,,,
Kepler-1104 b,,,,
Kepler-1105 b,,,,
Kepler-1106 b,,,,
Kepler-1107 b,,,,
Kepler-1108 b,,,,
Kepler-1109 b,,,,
Kepler-110 b,,,,
Kepler-110 c,,,,
Kepler-1110 b,,,,
Kepler-1111 b,,,,
Kepler-1104 b,,,,
Kepler-1105 b,,,,
Kepler-1106 b,,,,
Kepler-1107 b,,,,
Kepler-1108 b,,,,
Kepler-1109 b,,,,
Kepler-110 b,,,,
Kepler-110 c,,,,
Kepler-1110 b,,,,
Kepler-1111 b,,,,
Kepler-1112 b,,,,
Kepler-1113 b,,,,
Kepler-1114 b,,,,
Kepler-1115 b,,,,
Kepler-1116 b,,,,
Kepler-1117 b,,,,
Kepler-1118 b,,,,
Kepler-1119 b,,,,
Kepler-111 b,,,,
Kepler-111 c,,,,
Kepler-1120 b,,,,
Kepler-1121 b,,,,
Kepler-1122 b,,,,
Kepler-1123 b,,,,
Kepler-1124 b,,,,
Kepler-1125 b,,,,
Kepler-1126 b,,,,
Kepler-1127 b,,,,
Kepler-1128 b,,,,
Kepler-1129 b,,,,
Kepler-1129 c,,,,
Kepler-112 b,,,,
Kepler-112 c,,,,
Kepler-1130 b,,,,
Kepler-1131 b,,,,
Kepler-1132 b,,,,
Kepler-1133 b,,,,
Kepler-1134 b,,,,
Kepler-1135 b,,,,
Kepler-1136 b,,,,
Kepler-1129 c,,,,
Kepler-112 b,,,,
Kepler-112 c,,,,
Kepler-1130 b,,,,
Kepler-1131 b,,,,
Kepler-1132 b,,,,
Kepler-1133 b,,,,
Kepler-1134 b,,,,
Kepler-1135 b,,,,
Kepler-1136 b,,,,
Kepler-1129 c,,,,
Kepler-112 b,,,,
Kepler-112 c,,,,
Kepler-1130 b,,,,
Kepler-1131 b,,,,
Kepler-1132 b,,,,
Kepler-1133 b,,,,
Kepler-1134 b,,,,
Kepler-1135 b,,,,
Kepler-1136 b,,,,
Kepler-1129 c,,,,
Kepler-112 b,,,,
Kepler-112 c,,,,
Kepler-1130 b,,,,
Kepler-1131 b,,,,
Kepler-1132 b,,,,
Kepler-1133 b,,,,
Kepler-1134 b,,,,
Kepler-1135 b,,,,
Kepler-1136 b,,,,
Kepler-1129 c,,,,
Kepler-112 b,,,,
Kepler-112 c,,,,
Kepler-1130 b,,,,
Kepler-1131 b,,,,
Kepler-1132 b,,,,
Kepler-1133 b,,,,
Kepler-1134 b,,,,
Kepler-1135 b,,,,
Kepler-1136 b,,,,
Kepler-1137 b,,,,
Kepler-1138 b,,,,
Kepler-1139 b,,,,
Kepler-113 b,,,,
Kepler-113 c,,,,
Kepler-1140 b,,,,
Kepler-1141 b,,,,
Kepler-1142 b,,,,
Kepler-1143 b,,,,
Kepler-1143 c,,,,
Kepler-1144 b,,,,
Kepler-1145 b,,,,
Kepler-1146 b,,,,
Kepler-1147 b,,,,
Kepler-1148 b,,,,
Kepler-1149 b,,,,
Kepler-114 b,,,,
Kepler-114 c,,,,
Kepler-114 d,,,,
Kepler-1150 b,,,,
Kepler-115 b,,,,
Kepler-115 c,,,,
Kepler-1160 b,,,,
Kepler-1161 b,,,,
Kepler-1162 b,,,,
Kepler-1163 b,,,,
Kepler-1164 b,,,,
Kepler-1165 b,,,,
Kepler-1166 b,,,,
Kepler-1167 b,,,,
Kepler-1168 b,,,,
Kepler-1169 b,,,,
Kepler-116 b,,,,
Kepler-116 c,,,,
Kepler-1170 b,,,,
Kepler-1171 b,,,,
Kepler-1172 b,,,,
Kepler-1173 b,,,,
Kepler-1174 b,,,,
Kepler-1175 b,,,,
Kepler-1168 b,,,,
Kepler-1169 b,,,,
Kepler-116 b,,,,
Kepler-116 c,,,,
Kepler-1170 b,,,,
Kepler-1171 b,,,,
Kepler-1172 b,,,,
Kepler-1173 b,,,,
Kepler-1174 b,,,,
Kepler-1175 b,,,,
Kepler-1168 b,,,,
Kepler-1169 b,,,,
Kepler-116 b,,,,
Kepler-116 c,,,,
Kepler-1170 b,,,,
Kepler-1171 b,,,,
Kepler-1172 b,,,,
Kepler-1173 b,,,,
Kepler-1174 b,,,,
Kepler-1175 b,,,,
Kepler-1168 b,,,,
Kepler-1169 b,,,,
Kepler-116 b,,,,
Kepler-116 c,,,,
Kepler-1170 b,,,,
Kepler-1171 b,,,,
Kepler-1172 b,,,,
Kepler-1173 b,,,,
Kepler-1174 b,,,,
Kepler-1175 b,,,,
Kepler-1176 b,,,,
Kepler-1177 b,,,,
Kepler-1178 b,,,,
Kepler-1179 b,,,,
Kepler-117 b,,,,
Kepler-117 c,,,,
Kepler-1180 b,,,,
Kepler-1181 b,,,,
Kepler-1182 b,,,,
Kepler-1183 b,,,,
Kepler-1184 b,,,,
Kepler-1185 b,,,,
Kepler-1186 b,,,,
Kepler-1187 b,,,,
Kepler-1188 b,,,,
Kepler-1189 b,,,,
Kepler-118 b,,,,
Kepler-118 c,,,,
Kepler-1190 b,,,,
Kepler-1191 b,,,,
Kepler-1192 b,,,,
Kepler-1193 b,,,,
Kepler-1194 b,,,,
Kepler-1195 b,,,,
Kepler-1196 b,,,,
Kepler-1197 b,,,,
Kepler-1198 b,,,,
Kepler-1199 b,,,,
Kepler-119 b,,,,
Kepler-119 c,,,,
Kepler-1192 b,,,,
Kepler-1193 b,,,,
Kepler-1194 b,,,,
Kepler-1195 b,,,,
Kepler-1196 b,,,,
Kepler-1197 b,,,,
Kepler-1198 b,,,,
Kepler-1199 b,,,,
Kepler-119 b,,,,
Kepler-119 c,,,,
Kepler-1192 b,,,,
Kepler-1193 b,,,,
Kepler-1194 b,,,,
Kepler-1195 b,,,,
Kepler-1196 b,,,,
Kepler-1197 b,,,,
Kepler-1198 b,,,,
Kepler-1199 b,,,,
Kepler-119 b,,,,
Kepler-119 c,,,,
Kepler-11 b,,,,
Kepler-11 c,,,,
Kepler-11 d,,,,
Kepler-11 e,,,,
Kepler-11 f,,,,
Kepler-11 g,,,,
Kepler-1200 b,,,,
Kepler-1201 b,,,,
Kepler-1202 b,,,,
Kepler-1203 b,,,,
Kepler-11 b,,,,
Kepler-11 c,,,,
Kepler-11 d,,,,
Kepler-11 e,,,,
Kepler-11 f,,,,
Kepler-11 g,,,,
Kepler-1200 b,,,,
Kepler-1201 b,,,,
Kepler-1202 b,,,,
Kepler-1203 b,,,,
Kepler-1204 b,,,,
Kepler-1205 b,,,,
Kepler-1206 b,,,,
Kepler-1207 b,,,,
Kepler-1208 b,,,,
Kepler-1209 b,,,,
Kepler-120 b,,,,
Kepler-120 c,,,,
Kepler-1210 b,,,,
Kepler-1211 b,,,,
Kepler-1212 b,,,,
Kepler-1213 b,,,,
Kepler-1214 b,,,,
Kepler-1215 b,,,,
Kepler-1216 b,,,,
Kepler-1217 b,,,,
Kepler-1218 b,,,,
Kepler-1219 b,,,,
Kepler-121 b,,,,
Kepler-121 c,,,,
Kepler-1212 b,,,,
Kepler-1213 b,,,,
Kepler-1214 b,,,,
Kepler-1215 b,,,,
Kepler-1216 b,,,,
Kepler-1217 b,,,,
Kepler-1218 b,,,,
Kepler-1219 b,,,,
Kepler-121 b,,,,
Kepler-121 c,,,,
Kepler-1220 b,,,,
Kepler-1221 b,,,,
Kepler-1222 b,,,,
Kepler-1223 b,,,,
Kepler-1224 b,,,,
Kepler-1225 b,,,,
Kepler-1226 b,,,,
Kepler-1227 b,,,,
Kepler-1228 b,,,,
Kepler-1229 b,,,,
Kepler-1220 b,,,,
Kepler-1221 b,,,,
Kepler-1222 b,,,,
Kepler-1223 b,,,,
Kepler-1224 b,,,,
Kepler-1225 b,,,,
Kepler-1226 b,,,,
Kepler-1227 b,,,,
Kepler-1228 b,,,,
Kepler-1229 b,,,,
Kepler-122 b,,,,
Kepler-122 c,,,,
Kepler-122 d,,,,
Kepler-122 e,,,,
Kepler-122 f,,,,
Kepler-1230 b,,,,
Kepler-1231 b,,,,
Kepler-1232 b,,,,
Kepler-1233 b,,,,
Kepler-1234 b,,,,
Kepler-122 b,,,,
Kepler-122 c,,,,
Kepler-122 d,,,,
Kepler-122 e,,,,
Kepler-122 f,,,,
Kepler-1230 b,,,,
Kepler-1231 b,,,,
Kepler-1232 b,,,,
Kepler-1233 b,,,,
Kepler-1234 b,,,,
Kepler-1235 b,,,,
Kepler-1236 b,,,,
Kepler-1237 b,,,,
Kepler-1238 b,,,,
Kepler-1239 b,,,,
Kepler-123 b,,,,
Kepler-123 c,,,,
Kepler-1240 b,,,,
Kepler-1241 b,,,,
Kepler-1242 b,,,,
Kepler-1235 b,,,,
Kepler-1236 b,,,,
Kepler-1237 b,,,,
Kepler-1238 b,,,,
Kepler-1239 b,,,,
Kepler-123 b,,,,
Kepler-123 c,,,,
Kepler-1240 b,,,,
Kepler-1241 b,,,,
Kepler-1242 b,,,,
Kepler-1243 b,,,,
Kepler-1244 b,,,,
Kepler-1245 b,,,,
Kepler-1245 c,,,,
Kepler-1246 b,,,,
Kepler-1247 b,,,,
Kepler-1248 b,,,,
Kepler-1249 b,,,,
Kepler-124 b,,,,
Kepler-124 c,,,,
Kepler-124 d,,,,
Kepler-1250 b,,,,
Kepler-1251 b,,,,
Kepler-1252 b,,,,
Kepler-1253 b,,,,
Kepler-1254 b,,,,
Kepler-1254 c,,,,
Kepler-1254 d,,,,
Kepler-1255 b,,,,
Kepler-1256 b,,,,
Kepler-124 d,,,,
Kepler-1250 b,,,,
Kepler-1251 b,,,,
Kepler-1252 b,,,,
Kepler-1253 b,,,,
Kepler-1254 b,,,,
Kepler-1254 c,,,,
Kepler-1254 d,,,,
Kepler-1255 b,,,,
Kepler-1256 b,,,,
Kepler-124 d,,,,
Kepler-1250 b,,,,
Kepler-1251 b,,,,
Kepler-1252 b,,,,
Kepler-1253 b,,,,
Kepler-1254 b,,,,
Kepler-1254 c,,,,
Kepler-1254 d,,,,
Kepler-1255 b,,,,
Kepler-1256 b,,,,
Kepler-1257 b,,,,
Kepler-1258 b,,,,
Kepler-1259 b,,,,
Kepler-125 b,,,,
Kepler-125 c,,,,
Kepler-1260 b,,,,
Kepler-1261 b,,,,
Kepler-1262 b,,,,
Kepler-1263 b,,,,
Kepler-1264 b,,,,
Kepler-1265 b,,,,
Kepler-1266 b,,,,
Kepler-1267 b,,,,
Kepler-1268 b,,,,
Kepler-1269 b,,,,
Kepler-126 b,,,,
Kepler-126 c,,,,
Kepler-126 d,,,,
Kepler-1270 b,,,,
Kepler-1271 b,,,,
Kepler-1272 b,,,,
Kepler-1273 b,,,,
Kepler-1274 b,,,,
Kepler-1275 b,,,,
Kepler-1276 b,,,,
Kepler-1277 b,,,,
Kepler-1278 b,,,,
Kepler-1279 b,,,,
Kepler-127 b,,,,
Kepler-127 c,,,,
Kepler-127 d,,,,
Kepler-1280 b,,,,
Kepler-1281 b,,,,
Kepler-1282 b,,,,
Kepler-1283 b,,,,
Kepler-1284 b,,,,
Kepler-1285 b,,,,
Kepler-1286 b,,,,
Kepler-1287 b,,,,
Kepler-1288 b,,,,
Kepler-127 d,,,,
Kepler-1280 b,,,,
Kepler-1281 b,,,,
Kepler-1282 b,,,,
Kepler-1283 b,,,,
Kepler-1284 b,,,,
Kepler-1285 b,,,,
Kepler-1286 b,,,,
Kepler-1287 b,,,,
Kepler-1288 b,,,,
Kepler-127 d,,,,
Kepler-1280 b,,,,
Kepler-1281 b,,,,
Kepler-1282 b,,,,
Kepler-1283 b,,,,
Kepler-1284 b,,,,
Kepler-1285 b,,,,
Kepler-1286 b,,,,
Kepler-1287 b,,,,
Kepler-1288 b,,,,
Kepler-1289 b,,,,
Kepler-128 b,,,,
Kepler-128 c,,,,
Kepler-1290 b,,,,
Kepler-1291 b,,,,
Kepler-1292 b,,,,
Kepler-1293 b,,,,
Kepler-1294 b,,,,
Kepler-1295 b,,,,
Kepler-1296 b,,,,
Kepler-1297 b,,,,
Kepler-1298 b,,,,
Kepler-1299 b,,,,
Kepler-129 b,,,,
Kepler-129 c,,,,
Kepler-12 b,,,,
Kepler-1300 b,,,,
Kepler-1301 b,,,,
Kepler-1302 b,,,,
Kepler-1303 b,,,,
Kepler-1304 b,,,,
Kepler-1305 b,,,,
Kepler-1306 b,,,,
Kepler-1307 b,,,,
Kepler-1308 b,,,,
Kepler-1309 b,,,,
Kepler-130 b,,,,
Kepler-130 c,,,,
Kepler-130 d,,,,
Kepler-1310 b,,,,
Kepler-1304 b,,,,
Kepler-1305 b,,,,
Kepler-1306 b,,,,
Kepler-1307 b,,,,
Kepler-1308 b,,,,
Kepler-1309 b,,,,
Kepler-130 b,,,,
Kepler-130 c,,,,
Kepler-130 d,,,,
Kepler-1310 b,,,,
Kepler-1304 b,,,,
Kepler-1305 b,,,,
Kepler-1306 b,,,,
Kepler-1307 b,,,,
Kepler-1308 b,,,,
Kepler-1309 b,,,,
Kepler-130 b,,,,
Kepler-130 c,,,,
Kepler-130 d,,,,
Kepler-1310 b,,,,
Kepler-1311 b,,,,
Kepler-1311 c,,,,
Kepler-1312 b,,,,
Kepler-1313 b,,,,
Kepler-1314 b,,,,
Kepler-1315 b,,,,
Kepler-1316 b,,,,
Kepler-1317 b,,,,
Kepler-1318 b,,,,
Kepler-1319 b,,,,
Kepler-1311 b,,,,
Kepler-1311 c,,,,
Kepler-1312 b,,,,
Kepler-1313 b,,,,
Kepler-1314 b,,,,
Kepler-1315 b,,,,
Kepler-1316 b,,,,
Kepler-1317 b,,,,
Kepler-1318 b,,,,
Kepler-1319 b,,,,
Kepler-1327 b,,,,
Kepler-1328 b,,,,
Kepler-1329 b,,,,
Kepler-132 b,,,,
Kepler-132 c,,,,
Kepler-132 d,,,,
Kepler-132 e,,,,
Kepler-1330 b,,,,
Kepler-1331 b,,,,
Kepler-1332 b,,,,
Kepler-1327 b,,,,
Kepler-1328 b,,,,
Kepler-1329 b,,,,
Kepler-132 b,,,,
Kepler-132 c,,,,
Kepler-132 d,,,,
Kepler-132 e,,,,
Kepler-1330 b,,,,
Kepler-1331 b,,,,
Kepler-1332 b,,,,
Kepler-1327 b,,,,
Kepler-1328 b,,,,
Kepler-1329 b,,,,
Kepler-132 b,,,,
Kepler-132 c,,,,
Kepler-132 d,,,,
Kepler-132 e,,,,
Kepler-1330 b,,,,
Kepler-1331 b,,,,
Kepler-1332 b,,,,
Kepler-1327 b,,,,
Kepler-1328 b,,,,
Kepler-1329 b,,,,
Kepler-132 b,,,,
Kepler-132 c,,,,
Kepler-132 d,,,,
Kepler-132 e,,,,
Kepler-1330 b,,,,
Kepler-1331 b,,,,
Kepler-1332 b,,,,
Kepler-1340 b,,,,
Kepler-1341 b,,,,
Kepler-1342 b,,,,
Kepler-1343 b,,,,
Kepler-1344 b,,,,
Kepler-1345 b,,,,
Kepler-1346 b,,,,
Kepler-1347 b,,,,
Kepler-1348 b,,,,
Kepler-1349 b,,,,
Kepler-134 b,,,,
Kepler-134 c,,,,
Kepler-1350 b,,,,
Kepler-1350 c,,,,
Kepler-1351 b,,,,
Kepler-1352 b,,,,
Kepler-1353 b,,,,
Kepler-1354 b,,,,
Kepler-1355 b,,,,
Kepler-1356 b,,,,
Kepler-134 b,,,,
Kepler-134 c,,,,
Kepler-1350 b,,,,
Kepler-1350 c,,,,
Kepler-1351 b,,,,
Kepler-1352 b,,,,
Kepler-1353 b,,,,
Kepler-1354 b,,,,
Kepler-1355 b,,,,
Kepler-1356 b,,,,
Kepler-134 b,,,,
Kepler-134 c,,,,
Kepler-1350 b,,,,
Kepler-1350 c,,,,
Kepler-1351 b,,,,
Kepler-1352 b,,,,
Kepler-1353 b,,,,
Kepler-1354 b,,,,
Kepler-1355 b,,,,
Kepler-1356 b,,,,
Kepler-1371 b,,,,
Kepler-1371 c,,,,
Kepler-1372 b,,,,
Kepler-1373 b,,,,
Kepler-1374 b,,,,
Kepler-1375 b,,,,
Kepler-1376 b,,,,
Kepler-1377 b,,,,
Kepler-1378 b,,,,
Kepler-1379 b,,,,
Kepler-1371 b,,,,
Kepler-1371 c,,,,
Kepler-1372 b,,,,
Kepler-1373 b,,,,
Kepler-1374 b,,,,
Kepler-1375 b,,,,
Kepler-1376 b,,,,
Kepler-1377 b,,,,
Kepler-1378 b,,,,
Kepler-1379 b,,,,
Kepler-137 b,,,,
Kepler-137 c,,,,
Kepler-1380 b,,,,
Kepler-1381 b,,,,
Kepler-1382 b,,,,
Kepler-1383 b,,,,
Kepler-1384 b,,,,
Kepler-1385 b,,,,
Kepler-1386 b,,,,
Kepler-1387 b,,,,
Kepler-1388 b,,,,
Kepler-1388 c,,,,
Kepler-1388 d,,,,
Kepler-1388 e,,,,
Kepler-1389 b,,,,
Kepler-138 b,,,,
Kepler-138 c,,,,
Kepler-138 d,,,,
Kepler-1390 b,,,,
Kepler-1391 b,,,,
Kepler-1388 b,,,,
Kepler-1388 c,,,,
Kepler-1388 d,,,,
Kepler-1388 e,,,,
Kepler-1389 b,,,,
Kepler-138 b,,,,
Kepler-138 c,,,,
Kepler-138 d,,,,
Kepler-1390 b,,,,
Kepler-1391 b,,,,
Kepler-1388 b,,,,
Kepler-1388 c,,,,
Kepler-1388 d,,,,
Kepler-1388 e,,,,
Kepler-1389 b,,,,
Kepler-138 b,,,,
Kepler-138 c,,,,
Kepler-138 d,,,,
Kepler-1390 b,,,,
Kepler-1391 b,,,,
Kepler-1392 b,,,,
Kepler-1393 b,,,,
Kepler-1394 b,,,,
Kepler-1395 b,,,,
Kepler-1396 b,,,,
Kepler-1397 b,,,,
Kepler-1398 b,,,,
Kepler-1398 c,,,,
Kepler-1399 b,,,,
Kepler-139 b,,,,
Kepler-1409 b,,,,
Kepler-140 b,,,,
Kepler-140 c,,,,
Kepler-1410 b,,,,
Kepler-1411 b,,,,
Kepler-1412 b,,,,
Kepler-1413 b,,,,
Kepler-1414 b,,,,
Kepler-1415 b,,,,
Kepler-1416 b,,,,
Kepler-1409 b,,,,
Kepler-140 b,,,,
Kepler-140 c,,,,
Kepler-1410 b,,,,
Kepler-1411 b,,,,
Kepler-1412 b,,,,
Kepler-1413 b,,,,
Kepler-1414 b,,,,
Kepler-1415 b,,,,
Kepler-1416 b,,,,
Kepler-1409 b,,,,
Kepler-140 b,,,,
Kepler-140 c,,,,
Kepler-1410 b,,,,
Kepler-1411 b,,,,
Kepler-1412 b,,,,
Kepler-1413 b,,,,
Kepler-1414 b,,,,
Kepler-1415 b,,,,
Kepler-1416 b,,,,
Kepler-1409 b,,,,
Kepler-140 b,,,,
Kepler-140 c,,,,
Kepler-1410 b,,,,
Kepler-1411 b,,,,
Kepler-1412 b,,,,
Kepler-1413 b,,,,
Kepler-1414 b,,,,
Kepler-1415 b,,,,
Kepler-1416 b,,,,
Kepler-1432 b,,,,
Kepler-1433 b,,,,
Kepler-1434 b,,,,
Kepler-1435 b,,,,
Kepler-1436 b,,,,
Kepler-1437 b,,,,
Kepler-1438 b,,,,
Kepler-1439 b,,,,
Kepler-143 b,,,,
Kepler-143 c,,,,
Kepler-1440 b,,,,
Kepler-1441 b,,,,
Kepler-1442 b,,,,
Kepler-1443 b,,,,
Kepler-1444 b,,,,
Kepler-1445 b,,,,
Kepler-1446 b,,,,
Kepler-1447 b,,,,
Kepler-1448 b,,,,
Kepler-1449 b,,,,
Kepler-1440 b,,,,
Kepler-1441 b,,,,
Kepler-1442 b,,,,
Kepler-1443 b,,,,
Kepler-1444 b,,,,
Kepler-1445 b,,,,
Kepler-1446 b,,,,
Kepler-1447 b,,,,
Kepler-1448 b,,,,
Kepler-1449 b,,,,
Kepler-1440 b,,,,
Kepler-1441 b,,,,
Kepler-1442 b,,,,
Kepler-1443 b,,,,
Kepler-1444 b,,,,
Kepler-1445 b,,,,
Kepler-1446 b,,,,
Kepler-1447 b,,,,
Kepler-1448 b,,,,
Kepler-1449 b,,,,
Kepler-1458 b,,,,
Kepler-1459 b,,,,
Kepler-145 b,,,,
Kepler-145 c,,,,
Kepler-1460 b,,,,
Kepler-1461 b,,,,
Kepler-1462 b,,,,
Kepler-1463 b,,,,
Kepler-1464 b,,,,
Kepler-1464 c,,,,
Kepler-1465 b,,,,
Kepler-1466 b,,,,
Kepler-1467 b,,,,
Kepler-1468 b,,,,
Kepler-1468 c,,,,
Kepler-1469 b,,,,
Kepler-146 b,,,,
Kepler-146 c,,,,
Kepler-1470 b,,,,
Kepler-1471 b,,,,
Kepler-1465 b,,,,
Kepler-1466 b,,,,
Kepler-1467 b,,,,
Kepler-1468 b,,,,
Kepler-1468 c,,,,
Kepler-1469 b,,,,
Kepler-146 b,,,,
Kepler-146 c,,,,
Kepler-1470 b,,,,
Kepler-1471 b,,,,
Kepler-1472 b,,,,
Kepler-1473 b,,,,
Kepler-1474 b,,,,
Kepler-1475 b,,,,
Kepler-1476 b,,,,
Kepler-1477 b,,,,
Kepler-1478 b,,,,
Kepler-1479 b,,,,
Kepler-147 b,,,,
Kepler-147 c,,,,
Kepler-1480 b,,,,
Kepler-1481 b,,,,
Kepler-1482 b,,,,
Kepler-1483 b,,,,
Kepler-1484 b,,,,
Kepler-1485 b,,,,
Kepler-1486 b,,,,
Kepler-1487 b,,,,
Kepler-1488 b,,,,
Kepler-1489 b,,,,
Kepler-1480 b,,,,
Kepler-1481 b,,,,
Kepler-1482 b,,,,
Kepler-1483 b,,,,
Kepler-1484 b,,,,
Kepler-1485 b,,,,
Kepler-1486 b,,,,
Kepler-1487 b,,,,
Kepler-1488 b,,,,
Kepler-1489 b,,,,
Kepler-148 b,,,,
Kepler-148 c,,,,
Kepler-148 d,,,,
Kepler-1490 b,,,,
Kepler-1491 b,,,,
Kepler-1492 b,,,,
Kepler-1493 b,,,,
Kepler-1494 b,,,,
Kepler-1495 b,,,,
Kepler-1496 b,,,,
Kepler-1497 b,,,,
Kepler-1498 b,,,,
Kepler-1499 b,,,,
Kepler-149 b,,,,
Kepler-149 c,,,,
Kepler-149 d,,,,
Kepler-14 b,,,,
Kepler-1500 b,,,,
Kepler-1501 b,,,,
Kepler-1502 b,,,,
Kepler-1497 b,,,,
Kepler-1498 b,,,,
Kepler-1499 b,,,,
Kepler-149 b,,,,
Kepler-149 c,,,,
Kepler-149 d,,,,
Kepler-14 b,,,,
Kepler-1500 b,,,,
Kepler-1501 b,,,,
Kepler-1502 b,,,,
Kepler-1503 b,,,,
Kepler-1504 b,,,,
Kepler-1505 b,,,,
Kepler-1506 b,,,,
Kepler-1507 b,,,,
Kepler-1508 b,,,,
Kepler-1509 b,,,,
Kepler-150 b,,,,
Kepler-150 c,,,,
Kepler-150 d,,,,
Kepler-150 e,,,,
Kepler-150 f,,,,
Kepler-1510 b,,,,
Kepler-1511 b,,,,
Kepler-1512 b,,,,
Kepler-1513 b,,,,
Kepler-1514 b,,,,
Kepler-1514 c,,,,
Kepler-1515 b,,,,
Kepler-1516 b,,,,
Kepler-150 e,,,,
Kepler-150 f,,,,
Kepler-1510 b,,,,
Kepler-1511 b,,,,
Kepler-1512 b,,,,
Kepler-1513 b,,,,
Kepler-1514 b,,,,
Kepler-1514 c,,,,
Kepler-1515 b,,,,
Kepler-1516 b,,,,
Kepler-1517 b,,,,
Kepler-1518 b,,,,
Kepler-1519 b,,,,
Kepler-151 b,,,,
Kepler-151 c,,,,
Kepler-1520 b,,,,
Kepler-1521 b,,,,
Kepler-1522 b,,,,
Kepler-1523 b,,,,
Kepler-1524 b,,,,
Kepler-1517 b,,,,
Kepler-1518 b,,,,
Kepler-1519 b,,,,
Kepler-151 b,,,,
Kepler-151 c,,,,
Kepler-1520 b,,,,
Kepler-1521 b,,,,
Kepler-1522 b,,,,
Kepler-1523 b,,,,
Kepler-1524 b,,,,
Kepler-1525 b,,,,
Kepler-1526 b,,,,
Kepler-1527 b,,,,
Kepler-1528 b,,,,
Kepler-1529 b,,,,
Kepler-152 b,,,,
Kepler-152 c,,,,
Kepler-1530 b,,,,
Kepler-1530 c,,,,
Kepler-1531 b,,,,
Kepler-1525 b,,,,
Kepler-1526 b,,,,
Kepler-1527 b,,,,
Kepler-1528 b,,,,
Kepler-1529 b,,,,
Kepler-152 b,,,,
Kepler-152 c,,,,
Kepler-1530 b,,,,
Kepler-1530 c,,,,
Kepler-1531 b,,,,
Kepler-1525 b,,,,
Kepler-1526 b,,,,
Kepler-1527 b,,,,
Kepler-1528 b,,,,
Kepler-1529 b,,,,
Kepler-152 b,,,,
Kepler-152 c,,,,
Kepler-1530 b,,,,
Kepler-1530 c,,,,
Kepler-1531 b,,,,
Kepler-1525 b,,,,
Kepler-1526 b,,,,
Kepler-1527 b,,,,
Kepler-1528 b,,,,
Kepler-1529 b,,,,
Kepler-152 b,,,,
Kepler-152 c,,,,
Kepler-1530 b,,,,
Kepler-1530 c,,,,
Kepler-1531 b,,,,
Kepler-1532 b,,,,
Kepler-1533 b,,,,
Kepler-1534 b,,,,
Kepler-1535 b,,,,
Kepler-1536 b,,,,
Kepler-1537 b,,,,
Kepler-1538 b,,,,
Kepler-1539 b,,,,
Kepler-153 b,,,,
Kepler-153 c,,,,
Kepler-1552 b,,,,
Kepler-1553 b,,,,
Kepler-1554 b,,,,
Kepler-1555 b,,,,
Kepler-1556 b,,,,
Kepler-1557 b,,,,
Kepler-1558 b,,,,
Kepler-1559 b,,,,
Kepler-155 b,,,,
Kepler-155 c,,,,
Kepler-1552 b,,,,
Kepler-1553 b,,,,
Kepler-1554 b,,,,
Kepler-1555 b,,,,
Kepler-1556 b,,,,
Kepler-1557 b,,,,
Kepler-1558 b,,,,
Kepler-1559 b,,,,
Kepler-155 b,,,,
Kepler-155 c,,,,
Kepler-1552 b,,,,
Kepler-1553 b,,,,
Kepler-1554 b,,,,
Kepler-1555 b,,,,
Kepler-1556 b,,,,
Kepler-1557 b,,,,
Kepler-1558 b,,,,
Kepler-1559 b,,,,
Kepler-155 b,,,,
Kepler-155 c,,,,
Kepler-1560 b,,,,
Kepler-1561 b,,,,
Kepler-1562 b,,,,
Kepler-1563 b,,,,
Kepler-1564 b,,,,
Kepler-1565 b,,,,
Kepler-1566 b,,,,
Kepler-1567 b,,,,
Kepler-1568 b,,,,
Kepler-1569 b,,,,
Kepler-156 b,,,,
Kepler-156 c,,,,
Kepler-1570 b,,,,
Kepler-1571 b,,,,
Kepler-1572 b,,,,
Kepler-1573 b,,,,
Kepler-1574 b,,,,
Kepler-1575 b,,,,
Kepler-1576 b,,,,
Kepler-1577 b,,,,
Kepler-156 b,,,,
Kepler-156 c,,,,
Kepler-1570 b,,,,
Kepler-1571 b,,,,
Kepler-1572 b,,,,
Kepler-1573 b,,,,
Kepler-1574 b,,,,
Kepler-1575 b,,,,
Kepler-1576 b,,,,
Kepler-1577 b,,,,
Kepler-1578 b,,,,
Kepler-1579 b,,,,
Kepler-157 b,,,,
Kepler-157 c,,,,
Kepler-157 d,,,,
Kepler-1580 b,,,,
Kepler-1581 b,,,,
Kepler-1582 b,,,,
Kepler-1583 b,,,,
Kepler-1584 b,,,,
Kepler-1585 b,,,,
Kepler-1586 b,,,,
Kepler-1587 b,,,,
Kepler-1588 b,,,,
Kepler-1589 b,,,,
Kepler-158 b,,,,
Kepler-158 c,,,,
Kepler-1590 b,,,,
Kepler-1591 b,,,,
Kepler-1592 b,,,,
Kepler-1585 b,,,,
Kepler-1586 b,,,,
Kepler-1587 b,,,,
Kepler-1588 b,,,,
Kepler-1589 b,,,,
Kepler-158 b,,,,
Kepler-158 c,,,,
Kepler-1590 b,,,,
Kepler-1591 b,,,,
Kepler-1592 b,,,,
Kepler-1593 b,,,,
Kepler-1594 b,,,,
Kepler-1595 b,,,,
Kepler-1596 b,,,,
Kepler-1597 b,,,,
Kepler-1598 b,,,,
Kepler-1599 b,,,,
Kepler-159 b,,,,
Kepler-159 c,,,,
Kepler-15 b,,,,
Kepler-1593 b,,,,
Kepler-1594 b,,,,
Kepler-1595 b,,,,
Kepler-1596 b,,,,
Kepler-1597 b,,,,
Kepler-1598 b,,,,
Kepler-1599 b,,,,
Kepler-159 b,,,,
Kepler-159 c,,,,
Kepler-15 b,,,,
Kepler-1593 b,,,,
Kepler-1594 b,,,,
Kepler-1595 b,,,,
Kepler-1596 b,,,,
Kepler-1597 b,,,,
Kepler-1598 b,,,,
Kepler-1599 b,,,,
Kepler-159 b,,,,
Kepler-159 c,,,,
Kepler-15 b,,,,
Kepler-1593 b,,,,
Kepler-1594 b,,,,
Kepler-1595 b,,,,
Kepler-1596 b,,,,
Kepler-1597 b,,,,
Kepler-1598 b,,,,
Kepler-1599 b,,,,
Kepler-159 b,,,,
Kepler-159 c,,,,
Kepler-15 b,,,,
Kepler-1593 b,,,,
Kepler-1594 b,,,,
Kepler-1595 b,,,,
Kepler-1596 b,,,,
Kepler-1597 b,,,,
Kepler-1598 b,,,,
Kepler-1599 b,,,,
Kepler-159 b,,,,
Kepler-159 c,,,,
Kepler-15 b,,,,
Kepler-1625 b,,,,
Kepler-1626 b,,,,
Kepler-1627 b,,,,
Kepler-1628 b,,,,
Kepler-1629 b,,,,
Kepler-162 b,,,,
Kepler-162 c,,,,
Kepler-1630 b,,,,
Kepler-1631 b,,,,
Kepler-1632 b,,,,
Kepler-1633 b,,,,
Kepler-1634 b,,,,
Kepler-1635 b,,,,
Kepler-1636 b,,,,
Kepler-1637 b,,,,
Kepler-1638 b,,,,
Kepler-1639 b,,,,
Kepler-163 b,,,,
Kepler-163 c,,,,
Kepler-1640 b,,,,
Kepler-1633 b,,,,
Kepler-1634 b,,,,
Kepler-1635 b,,,,
Kepler-1636 b,,,,
Kepler-1637 b,,,,
Kepler-1638 b,,,,
Kepler-1639 b,,,,
Kepler-163 b,,,,
Kepler-163 c,,,,
Kepler-1640 b,,,,
Kepler-1641 b,,,,
Kepler-1641 c,,,,
Kepler-1642 b,,,,
Kepler-1642 c,,,,
Kepler-1643 b,,,,
Kepler-1644 b,,,,
Kepler-1645 b,,,,
Kepler-1646 b,,,,
Kepler-1647 b,,,,
Kepler-1649 b,,,,
Kepler-1649 c,,,,
Kepler-164 b,,,,
Kepler-164 c,,,,
Kepler-164 d,,,,
Kepler-1650 b,,,,
Kepler-1651 b,,,,
Kepler-1652 b,,,,
Kepler-1653 b,,,,
Kepler-1654 b,,,,
Kepler-1655 b,,,,
Kepler-1649 c,,,,
Kepler-164 b,,,,
Kepler-164 c,,,,
Kepler-164 d,,,,
Kepler-1650 b,,,,
Kepler-1651 b,,,,
Kepler-1652 b,,,,
Kepler-1653 b,,,,
Kepler-1654 b,,,,
Kepler-1655 b,,,,
Kepler-1656 b,,,,
Kepler-1658 b,,,,
Kepler-165 b,,,,
Kepler-165 c,,,,
Kepler-1661 b,,,,
Kepler-1663 b,,,,
Kepler-1664 b,,,,
Kepler-1665 b,,,,
Kepler-1666 b,,,,
Kepler-1666 c,,,,
Kepler-1667 b,,,,
Kepler-1668 b,,,,
Kepler-1669 b,,,,
Kepler-166 b,,,,
Kepler-166 c,,,,
Kepler-166 d,,,,
Kepler-1670 b,,,,
Kepler-1671 b,,,,
Kepler-1672 b,,,,
Kepler-1673 b,,,,
Kepler-1667 b,,,,
Kepler-1668 b,,,,
Kepler-1669 b,,,,
Kepler-166 b,,,,
Kepler-166 c,,,,
Kepler-166 d,,,,
Kepler-1670 b,,,,
Kepler-1671 b,,,,
Kepler-1672 b,,,,
Kepler-1673 b,,,,
Kepler-1667 b,,,,
Kepler-1668 b,,,,
Kepler-1669 b,,,,
Kepler-166 b,,,,
Kepler-166 c,,,,
Kepler-166 d,,,,
Kepler-1670 b,,,,
Kepler-1671 b,,,,
Kepler-1672 b,,,,
Kepler-1673 b,,,,
Kepler-1667 b,,,,
Kepler-1668 b,,,,
Kepler-1669 b,,,,
Kepler-166 b,,,,
Kepler-166 c,,,,
Kepler-166 d,,,,
Kepler-1670 b,,,,
Kepler-1671 b,,,,
Kepler-1672 b,,,,
Kepler-1673 b,,,,
Kepler-1667 b,,,,
Kepler-1668 b,,,,
Kepler-1669 b,,,,
Kepler-166 b,,,,
Kepler-166 c,,,,
Kepler-166 d,,,,
Kepler-1670 b,,,,
Kepler-1671 b,,,,
Kepler-1672 b,,,,
Kepler-1673 b,,,,
Kepler-1702 b,,,,
Kepler-170 b,,,,
Kepler-170 c,,,,
Kepler-171 b,,,,
Kepler-171 c,,,,
Kepler-171 d,,,,
Kepler-172 b,,,,
Kepler-172 c,,,,
Kepler-172 d,,,,
Kepler-172 e,,,,
Kepler-1702 b,,,,
Kepler-170 b,,,,
Kepler-170 c,,,,
Kepler-171 b,,,,
Kepler-171 c,,,,
Kepler-171 d,,,,
Kepler-172 b,,,,
Kepler-172 c,,,,
Kepler-172 d,,,,
Kepler-172 e,,,,
Kepler-1702 b,,,,
Kepler-170 b,,,,
Kepler-170 c,,,,
Kepler-171 b,,,,
Kepler-171 c,,,,
Kepler-171 d,,,,
Kepler-172 b,,,,
Kepler-172 c,,,,
Kepler-172 d,,,,
Kepler-172 e,,,,
Kepler-1702 b,,,,
Kepler-170 b,,,,
Kepler-170 c,,,,
Kepler-171 b,,,,
Kepler-171 c,,,,
Kepler-171 d,,,,
Kepler-172 b,,,,
Kepler-172 c,,,,
Kepler-172 d,,,,
Kepler-172 e,,,,
Kepler-173 b,,,,
Kepler-173 c,,,,
Kepler-174 b,,,,
Kepler-174 c,,,,
Kepler-174 d,,,,
Kepler-175 b,,,,
Kepler-175 c,,,,
Kepler-176 b,,,,
Kepler-176 c,,,,
Kepler-176 d,,,,
Kepler-176 e,,,,
Kepler-177 b,,,,
Kepler-177 c,,,,
Kepler-178 b,,,,
Kepler-178 c,,,,
Kepler-178 d,,,,
Kepler-179 b,,,,
Kepler-179 c,,,,
Kepler-17 b,,,,
Kepler-180 b,,,,
Kepler-176 e,,,,
Kepler-177 b,,,,
Kepler-177 c,,,,
Kepler-178 b,,,,
Kepler-178 c,,,,
Kepler-178 d,,,,
Kepler-179 b,,,,
Kepler-179 c,,,,
Kepler-17 b,,,,
Kepler-180 b,,,,
Kepler-180 c,,,,
Kepler-181 b,,,,
Kepler-181 c,,,,
Kepler-182 b,,,,
Kepler-182 c,,,,
Kepler-183 b,,,,
Kepler-183 c,,,,
Kepler-184 b,,,,
Kepler-184 c,,,,
Kepler-184 d,,,,
Kepler-180 c,,,,
Kepler-181 b,,,,
Kepler-181 c,,,,
Kepler-182 b,,,,
Kepler-182 c,,,,
Kepler-183 b,,,,
Kepler-183 c,,,,
Kepler-184 b,,,,
Kepler-184 c,,,,
Kepler-184 d,,,,
Kepler-180 c,,,,
Kepler-181 b,,,,
Kepler-181 c,,,,
Kepler-182 b,,,,
Kepler-182 c,,,,
Kepler-183 b,,,,
Kepler-183 c,,,,
Kepler-184 b,,,,
Kepler-184 c,,,,
Kepler-184 d,,,,
Kepler-180 c,,,,
Kepler-181 b,,,,
Kepler-181 c,,,,
Kepler-182 b,,,,
Kepler-182 c,,,,
Kepler-183 b,,,,
Kepler-183 c,,,,
Kepler-184 b,,,,
Kepler-184 c,,,,
Kepler-184 d,,,,
Kepler-180 c,,,,
Kepler-181 b,,,,
Kepler-181 c,,,,
Kepler-182 b,,,,
Kepler-182 c,,,,
Kepler-183 b,,,,
Kepler-183 c,,,,
Kepler-184 b,,,,
Kepler-184 c,,,,
Kepler-184 d,,,,
Kepler-180 c,,,,
Kepler-181 b,,,,
Kepler-181 c,,,,
Kepler-182 b,,,,
Kepler-182 c,,,,
Kepler-183 b,,,,
Kepler-183 c,,,,
Kepler-184 b,,,,
Kepler-184 c,,,,
Kepler-184 d,,,,
Kepler-180 c,,,,
Kepler-181 b,,,,
Kepler-181 c,,,,
Kepler-182 b,,,,
Kepler-182 c,,,,
Kepler-183 b,,,,
Kepler-183 c,,,,
Kepler-184 b,,,,
Kepler-184 c,,,,
Kepler-184 d,,,,
Kepler-185 b,,,,
Kepler-185 c,,,,
Kepler-186 b,,,,
Kepler-186 c,,,,
Kepler-186 d,,,,
Kepler-186 e,,,,
Kepler-186 f,,,,
Kepler-187 b,,,,
Kepler-187 c,,,,
Kepler-188 b,,,,
Kepler-199 b,,,,
Kepler-199 c,,,,
Kepler-19 b,,,,
Kepler-19 c,,,,
Kepler-19 d,,,,
Kepler-200 b,,,,
Kepler-200 c,,,,
Kepler-201 b,,,,
Kepler-201 c,,,,
Kepler-202 b,,,,
Kepler-199 b,,,,
Kepler-199 c,,,,
Kepler-19 b,,,,
Kepler-19 c,,,,
Kepler-19 d,,,,
Kepler-200 b,,,,
Kepler-200 c,,,,
Kepler-201 b,,,,
Kepler-201 c,,,,
Kepler-202 b,,,,
Kepler-191 d,,,,
Kepler-192 b,,,,
Kepler-192 c,,,,
Kepler-192 d,,,,
Kepler-193 b,,,,
Kepler-193 c,,,,
Kepler-194 b,,,,
Kepler-194 c,,,,
Kepler-194 d,,,,
Kepler-195 b,,,,
Kepler-191 d,,,,
Kepler-192 b,,,,
Kepler-192 c,,,,
Kepler-192 d,,,,
Kepler-193 b,,,,
Kepler-193 c,,,,
Kepler-194 b,,,,
Kepler-194 c,,,,
Kepler-194 d,,,,
Kepler-195 b,,,,
Kepler-191 d,,,,
Kepler-192 b,,,,
Kepler-192 c,,,,
Kepler-192 d,,,,
Kepler-193 b,,,,
Kepler-193 c,,,,
Kepler-194 b,,,,
Kepler-194 c,,,,
Kepler-194 d,,,,
Kepler-195 b,,,,
Kepler-206 d,,,,
Kepler-207 b,,,,
Kepler-207 c,,,,
Kepler-207 d,,,,
Kepler-208 b,,,,
Kepler-208 c,,,,
Kepler-208 d,,,,
Kepler-208 e,,,,
Kepler-209 b,,,,
Kepler-209 c,,,,
Kepler-206 d,,,,
Kepler-207 b,,,,
Kepler-207 c,,,,
Kepler-207 d,,,,
Kepler-208 b,,,,
Kepler-208 c,,,,
Kepler-208 d,,,,
Kepler-208 e,,,,
Kepler-209 b,,,,
Kepler-209 c,,,,
Kepler-206 d,,,,
Kepler-207 b,,,,
Kepler-207 c,,,,
Kepler-207 d,,,,
Kepler-208 b,,,,
Kepler-208 c,,,,
Kepler-208 d,,,,
Kepler-208 e,,,,
Kepler-209 b,,,,
Kepler-209 c,,,,
Kepler-206 d,,,,
Kepler-207 b,,,,
Kepler-207 c,,,,
Kepler-207 d,,,,
Kepler-208 b,,,,
Kepler-208 c,,,,
Kepler-208 d,,,,
Kepler-208 e,,,,
Kepler-209 b,,,,
Kepler-209 c,,,,
Kepler-206 d,,,,
Kepler-207 b,,,,
Kepler-207 c,,,,
Kepler-207 d,,,,
Kepler-208 b,,,,
Kepler-208 c,,,,
Kepler-208 d,,,,
Kepler-208 e,,,,
Kepler-209 b,,,,
Kepler-209 c,,,,
Kepler-20 b,,,,
Kepler-20 c,,,,
Kepler-20 d,,,,
Kepler-20 e,,,,
Kepler-20 f,,,,
Kepler-20 g,,,,
Kepler-210 b,,,,
Kepler-210 c,,,,
Kepler-211 b,,,,
Kepler-211 c,,,,
Kepler-20 b,,,,
Kepler-20 c,,,,
Kepler-20 d,,,,
Kepler-20 e,,,,
Kepler-20 f,,,,
Kepler-20 g,,,,
Kepler-210 b,,,,
Kepler-210 c,,,,
Kepler-211 b,,,,
Kepler-211 c,,,,
Kepler-20 b,,,,
Kepler-20 c,,,,
Kepler-20 d,,,,
Kepler-20 e,,,,
Kepler-20 f,,,,
Kepler-20 g,,,,
Kepler-210 b,,,,
Kepler-210 c,,,,
Kepler-211 b,,,,
Kepler-211 c,,,,
Kepler-20 b,,,,
Kepler-20 c,,,,
Kepler-20 d,,,,
Kepler-20 e,,,,
Kepler-20 f,,,,
Kepler-20 g,,,,
Kepler-210 b,,,,
Kepler-210 c,,,,
Kepler-211 b,,,,
Kepler-211 c,,,,
Kepler-222 b,,,,
Kepler-222 c,,,,
Kepler-222 d,,,,
Kepler-223 b,,,,
Kepler-223 c,,,,
Kepler-223 d,,,,
Kepler-223 e,,,,
Kepler-224 b,,,,
Kepler-224 c,,,,
Kepler-224 d,,,,
Kepler-222 b,,,,
Kepler-222 c,,,,
Kepler-222 d,,,,
Kepler-223 b,,,,
Kepler-223 c,,,,
Kepler-223 d,,,,
Kepler-223 e,,,,
Kepler-224 b,,,,
Kepler-224 c,,,,
Kepler-224 d,,,,
Kepler-222 b,,,,
Kepler-222 c,,,,
Kepler-222 d,,,,
Kepler-223 b,,,,
Kepler-223 c,,,,
Kepler-223 d,,,,
Kepler-223 e,,,,
Kepler-224 b,,,,
Kepler-224 c,,,,
Kepler-224 d,,,,
Kepler-222 b,,,,
Kepler-222 c,,,,
Kepler-222 d,,,,
Kepler-223 b,,,,
Kepler-223 c,,,,
Kepler-223 d,,,,
Kepler-223 e,,,,
Kepler-224 b,,,,
Kepler-224 c,,,,
Kepler-224 d,,,,
Kepler-224 e,,,,
Kepler-225 b,,,,
Kepler-225 c,,,,
Kepler-226 b,,,,
Kepler-226 c,,,,
Kepler-226 d,,,,
Kepler-227 b,,,,
Kepler-227 c,,,,
Kepler-228 b,,,,
Kepler-228 c,,,,
Kepler-224 e,,,,
Kepler-225 b,,,,
Kepler-225 c,,,,
Kepler-226 b,,,,
Kepler-226 c,,,,
Kepler-226 d,,,,
Kepler-227 b,,,,
Kepler-227 c,,,,
Kepler-228 b,,,,
Kepler-228 c,,,,
Kepler-224 e,,,,
Kepler-225 b,,,,
Kepler-225 c,,,,
Kepler-226 b,,,,
Kepler-226 c,,,,
Kepler-226 d,,,,
Kepler-227 b,,,,
Kepler-227 c,,,,
Kepler-228 b,,,,
Kepler-228 c,,,,
Kepler-228 d,,,,
Kepler-229 b,,,,
Kepler-229 c,,,,
Kepler-229 d,,,,
Kepler-22 b,,,,
Kepler-230 b,,,,
Kepler-230 c,,,,
Kepler-231 b,,,,
Kepler-231 c,,,,
Kepler-232 b,,,,
Kepler-228 d,,,,
Kepler-229 b,,,,
Kepler-229 c,,,,
Kepler-229 d,,,,
Kepler-22 b,,,,
Kepler-230 b,,,,
Kepler-230 c,,,,
Kepler-231 b,,,,
Kepler-231 c,,,,
Kepler-232 b,,,,
Kepler-232 c,,,,
Kepler-233 b,,,,
Kepler-233 c,,,,
Kepler-234 b,,,,
Kepler-234 c,,,,
Kepler-235 b,,,,
Kepler-235 c,,,,
Kepler-235 d,,,,
Kepler-235 e,,,,
Kepler-236 b,,,,
Kepler-232 c,,,,
Kepler-233 b,,,,
Kepler-233 c,,,,
Kepler-234 b,,,,
Kepler-234 c,,,,
Kepler-235 b,,,,
Kepler-235 c,,,,
Kepler-235 d,,,,
Kepler-235 e,,,,
Kepler-236 b,,,,
Kepler-236 c,,,,
Kepler-237 b,,,,
Kepler-237 c,,,,
Kepler-238 b,,,,
Kepler-238 c,,,,
Kepler-238 d,,,,
Kepler-238 e,,,,
Kepler-238 f,,,,
Kepler-239 b,,,,
Kepler-239 c,,,,
Kepler-236 c,,,,
Kepler-237 b,,,,
Kepler-237 c,,,,
Kepler-238 b,,,,
Kepler-238 c,,,,
Kepler-238 d,,,,
Kepler-238 e,,,,
Kepler-238 f,,,,
Kepler-239 b,,,,
Kepler-239 c,,,,
Kepler-236 c,,,,
Kepler-237 b,,,,
Kepler-237 c,,,,
Kepler-238 b,,,,
Kepler-238 c,,,,
Kepler-238 d,,,,
Kepler-238 e,,,,
Kepler-238 f,,,,
Kepler-239 b,,,,
Kepler-239 c,,,,
Kepler-236 c,,,,
Kepler-237 b,,,,
Kepler-237 c,,,,
Kepler-238 b,,,,
Kepler-238 c,,,,
Kepler-238 d,,,,
Kepler-238 e,,,,
Kepler-238 f,,,,
Kepler-239 b,,,,
Kepler-239 c,,,,
Kepler-23 b,,,,
Kepler-23 c,,,,
Kepler-23 d,,,,
Kepler-240 b,,,,
Kepler-240 c,,,,
Kepler-241 b,,,,
Kepler-241 c,,,,
Kepler-242 b,,,,
Kepler-242 c,,,,
Kepler-243 b,,,,
Kepler-243 c,,,,
Kepler-244 b,,,,
Kepler-244 c,,,,
Kepler-244 d,,,,
Kepler-245 b,,,,
Kepler-245 c,,,,
Kepler-245 d,,,,
Kepler-245 e,,,,
Kepler-246 b,,,,
Kepler-246 c,,,,
Kepler-247 b,,,,
Kepler-247 c,,,,
Kepler-247 d,,,,
Kepler-248 b,,,,
Kepler-248 c,,,,
Kepler-249 b,,,,
Kepler-249 c,,,,
Kepler-249 d,,,,
Kepler-24 b,,,,
Kepler-24 c,,,,
Kepler-24 d,,,,
Kepler-24 e,,,,
Kepler-250 b,,,,
Kepler-250 c,,,,
Kepler-250 d,,,,
Kepler-251 b,,,,
Kepler-251 c,,,,
Kepler-251 d,,,,
Kepler-251 e,,,,
Kepler-252 b,,,,
Kepler-24 d,,,,
Kepler-24 e,,,,
Kepler-250 b,,,,
Kepler-250 c,,,,
Kepler-250 d,,,,
Kepler-251 b,,,,
Kepler-251 c,,,,
Kepler-251 d,,,,
Kepler-251 e,,,,
Kepler-252 b,,,,
Kepler-24 d,,,,
Kepler-24 e,,,,
Kepler-250 b,,,,
Kepler-250 c,,,,
Kepler-250 d,,,,
Kepler-251 b,,,,
Kepler-251 c,,,,
Kepler-251 d,,,,
Kepler-251 e,,,,
Kepler-252 b,,,,
Kepler-24 d,,,,
Kepler-24 e,,,,
Kepler-250 b,,,,
Kepler-250 c,,,,
Kepler-250 d,,,,
Kepler-251 b,,,,
Kepler-251 c,,,,
Kepler-251 d,,,,
Kepler-251 e,,,,
Kepler-252 b,,,,
Kepler-252 c,,,,
Kepler-253 b,,,,
Kepler-253 c,,,,
Kepler-253 d,,,,
Kepler-254 b,,,,
Kepler-254 c,,,,
Kepler-254 d,,,,
Kepler-255 b,,,,
Kepler-255 c,,,,
Kepler-255 d,,,,
Kepler-256 b,,,,
Kepler-256 c,,,,
Kepler-256 d,,,,
Kepler-256 e,,,,
Kepler-257 b,,,,
Kepler-257 c,,,,
Kepler-257 d,,,,
Kepler-258 b,,,,
Kepler-258 c,,,,
Kepler-259 b,,,,
Kepler-259 c,,,,
Kepler-25 b,,,,
Kepler-25 c,,,,
Kepler-25 d,,,,
Kepler-260 b,,,,
Kepler-260 c,,,,
Kepler-261 b,,,,
Kepler-261 c,,,,
Kepler-262 b,,,,
Kepler-262 c,,,,
Kepler-263 b,,,,
Kepler-263 c,,,,
Kepler-264 b,,,,
Kepler-264 c,,,,
Kepler-265 b,,,,
Kepler-265 c,,,,
Kepler-265 d,,,,
Kepler-265 e,,,,
Kepler-266 b,,,,
Kepler-266 c,,,,
Kepler-263 b,,,,
Kepler-263 c,,,,
Kepler-264 b,,,,
Kepler-264 c,,,,
Kepler-265 b,,,,
Kepler-265 c,,,,
Kepler-265 d,,,,
Kepler-265 e,,,,
Kepler-266 b,,,,
Kepler-266 c,,,,
